genre,genreLabel
http://www.wikidata.org/entity/Q379671,post-grunge
http://www.wikidata.org/entity/Q379288,Kulning
http://www.wikidata.org/entity/Q378988,adult contemporary music
http://www.wikidata.org/entity/Q378495,Russian pop
http://www.wikidata.org/entity/Q379033,arena rock
http://www.wikidata.org/entity/Q1344,opera
http://www.wikidata.org/entity/Q3071,punk rock
http://www.wikidata.org/entity/Q3858,music of Israel
http://www.wikidata.org/entity/Q7749,rock and roll
http://www.wikidata.org/entity/Q829147,protest song
http://www.wikidata.org/entity/Q828305,Skate punk
http://www.wikidata.org/entity/Q828181,Rock Against Communism
http://www.wikidata.org/entity/Q828243,futurepop
http://www.wikidata.org/entity/Q616425,Pirekua
http://www.wikidata.org/entity/Q613874,Neoclassical new-age music
http://www.wikidata.org/entity/Q616679,mathcore
http://www.wikidata.org/entity/Q617240,stoner rock
http://www.wikidata.org/entity/Q601235,hip house
http://www.wikidata.org/entity/Q606089,skiffle
http://www.wikidata.org/entity/Q602646,comedy hip hop
http://www.wikidata.org/entity/Q602498,Nazi punk
http://www.wikidata.org/entity/Q602561,electro swing
http://www.wikidata.org/entity/Q854844,Bhangra
http://www.wikidata.org/entity/Q856872,rap metal
http://www.wikidata.org/entity/Q858579,big beat
http://www.wikidata.org/entity/Q860196,Bikutsi
http://www.wikidata.org/entity/Q8341,jazz
http://www.wikidata.org/entity/Q203720,rockabilly
http://www.wikidata.org/entity/Q848457,Speedcore
http://www.wikidata.org/entity/Q850412,contemporary R&B
http://www.wikidata.org/entity/Q848852,Eurobeat
http://www.wikidata.org/entity/Q9730,classical music
http://www.wikidata.org/entity/Q384064,African Gospel
http://www.wikidata.org/entity/Q383982,psychedelic pop
http://www.wikidata.org/entity/Q382343,Nortec
http://www.wikidata.org/entity/Q384181,Freestyle rap
http://www.wikidata.org/entity/Q383530,Afoxê
http://www.wikidata.org/entity/Q383615,street punk
http://www.wikidata.org/entity/Q639197,instrumental music
http://www.wikidata.org/entity/Q640097,electric blues
http://www.wikidata.org/entity/Q631621,bertsolaritza
http://www.wikidata.org/entity/Q630689,Bongo Flava
http://www.wikidata.org/entity/Q641357,avant-garde metal
http://www.wikidata.org/entity/Q642983,Manele
http://www.wikidata.org/entity/Q641318,Medieval folk rock
http://www.wikidata.org/entity/Q464129,Mariachi
http://www.wikidata.org/entity/Q447962,Swing revival
http://www.wikidata.org/entity/Q446241,Neo-Medieval music
http://www.wikidata.org/entity/Q454071,German hip hop
http://www.wikidata.org/entity/Q460674,ska punk
http://www.wikidata.org/entity/Q455686,samba reggae
http://www.wikidata.org/entity/Q458480,neotraditional country
http://www.wikidata.org/entity/Q444340,crab canon
http://www.wikidata.org/entity/Q846219,Gagok
http://www.wikidata.org/entity/Q846833,Crossover jazz
http://www.wikidata.org/entity/Q845414,Ryūka
http://www.wikidata.org/entity/Q844245,Gypsy jazz
http://www.wikidata.org/entity/Q846119,psychedelic music
http://www.wikidata.org/entity/Q848399,easy listening
http://www.wikidata.org/entity/Q388296,afrobeat
http://www.wikidata.org/entity/Q388906,hardcore techno
http://www.wikidata.org/entity/Q388207,African-American music
http://www.wikidata.org/entity/Q388475,Cuban rumba
http://www.wikidata.org/entity/Q623824,Arabesque
http://www.wikidata.org/entity/Q622688,Andean new age music
http://www.wikidata.org/entity/Q623715,aleatoric music
http://www.wikidata.org/entity/Q622871,psychedelic trance
http://www.wikidata.org/entity/Q8361,baroque music
http://www.wikidata.org/entity/Q429264,West Coast hip hop
http://www.wikidata.org/entity/Q389631,Jumpstyle
http://www.wikidata.org/entity/Q420883,Homo hop
http://www.wikidata.org/entity/Q431415,Tejano music
http://www.wikidata.org/entity/Q9734,symphony
http://www.wikidata.org/entity/Q853873,Cantopop
http://www.wikidata.org/entity/Q854451,Celtic music
http://www.wikidata.org/entity/Q840065,new jack swing
http://www.wikidata.org/entity/Q840748,Iranian hip hop
http://www.wikidata.org/entity/Q842324,indie pop
http://www.wikidata.org/entity/Q649634,progressive folk music
http://www.wikidata.org/entity/Q646679,Neue Deutsche Welle
http://www.wikidata.org/entity/Q649823,country blues
http://www.wikidata.org/entity/Q646165,electrostep
http://www.wikidata.org/entity/Q648311,Detroit blues
http://www.wikidata.org/entity/Q645767,rave
http://www.wikidata.org/entity/Q646026,Argentine rock
http://www.wikidata.org/entity/Q474027,dancehall
http://www.wikidata.org/entity/Q476983,Synthpunk
http://www.wikidata.org/entity/Q475221,deathcore
http://www.wikidata.org/entity/Q837389,latin jazz
http://www.wikidata.org/entity/Q839029,Raï
http://www.wikidata.org/entity/Q837837,power pop
http://www.wikidata.org/entity/Q869210,Corrido
http://www.wikidata.org/entity/Q870340,Chalga
http://www.wikidata.org/entity/Q864605,biomusic
http://www.wikidata.org/entity/Q861823,electroclash
http://www.wikidata.org/entity/Q868855,old-school hip hop
http://www.wikidata.org/entity/Q851213,electronic dance music
http://www.wikidata.org/entity/Q852767,Southern rock
http://www.wikidata.org/entity/Q9759,blues
http://www.wikidata.org/entity/Q438476,alternative country
http://www.wikidata.org/entity/Q436016,Early music
http://www.wikidata.org/entity/Q438503,alternative hip hop
http://www.wikidata.org/entity/Q483251,death metal
http://www.wikidata.org/entity/Q481900,acid trance
http://www.wikidata.org/entity/Q482981,Pansori
http://www.wikidata.org/entity/Q876171,East Coast hip hop
http://www.wikidata.org/entity/Q874038,Deep house
http://www.wikidata.org/entity/Q873478,enka
http://www.wikidata.org/entity/Q9748,concerto
http://www.wikidata.org/entity/Q830325,horror punk
http://www.wikidata.org/entity/Q831354,smooth jazz
http://www.wikidata.org/entity/Q832665,hard trance
http://www.wikidata.org/entity/Q834959,samba-rock
http://www.wikidata.org/entity/Q835131,Goa trance
http://www.wikidata.org/entity/Q890887,Eurotrance
http://www.wikidata.org/entity/Q901610,Min'yō
http://www.wikidata.org/entity/Q898530,Wagnerian rock
http://www.wikidata.org/entity/Q903735,breakcore
http://www.wikidata.org/entity/Q899116,Neoclassical dark wave
http://www.wikidata.org/entity/Q898709,rave music
http://www.wikidata.org/entity/Q892958,boogaloo
http://www.wikidata.org/entity/Q880270,Traditional black gospel
http://www.wikidata.org/entity/Q885943,Blue Yodeling
http://www.wikidata.org/entity/Q885561,blue-eyed soul
http://www.wikidata.org/entity/Q888137,skweee
http://www.wikidata.org/entity/Q877693,rap rock
http://www.wikidata.org/entity/Q725991,Csárdás
http://www.wikidata.org/entity/Q723418,Cumbia
http://www.wikidata.org/entity/Q724755,early hardcore
http://www.wikidata.org/entity/Q725011,neo-classical metal
http://www.wikidata.org/entity/Q465978,extreme metal
http://www.wikidata.org/entity/Q466445,American primitive guitar
http://www.wikidata.org/entity/Q473602,music of Poland
http://www.wikidata.org/entity/Q469343,British hip hop
http://www.wikidata.org/entity/Q470611,Italian hip hop
http://www.wikidata.org/entity/Q613408,country rock
http://www.wikidata.org/entity/Q606393,Hi-NRG
http://www.wikidata.org/entity/Q610022,Kaseko
http://www.wikidata.org/entity/Q608862,anison
http://www.wikidata.org/entity/Q612024,contemporary classical music
http://www.wikidata.org/entity/Q624081,Arabic pop music
http://www.wikidata.org/entity/Q623904,Andalusian classical music
http://www.wikidata.org/entity/Q624044,Arabic music
http://www.wikidata.org/entity/Q627906,electro house
http://www.wikidata.org/entity/Q910606,music of Brittany
http://www.wikidata.org/entity/Q915152,progressive house
http://www.wikidata.org/entity/Q907799,Duranguense
http://www.wikidata.org/entity/Q918542,British blues
http://www.wikidata.org/entity/Q916387,exotica
http://www.wikidata.org/entity/Q906647,dixieland
http://www.wikidata.org/entity/Q9764,flamenco
http://www.wikidata.org/entity/Q922853,campaign song
http://www.wikidata.org/entity/Q932477,music of Hungary
http://www.wikidata.org/entity/Q930592,Italo dance
http://www.wikidata.org/entity/Q930995,queercore
http://www.wikidata.org/entity/Q928825,garage house
http://www.wikidata.org/entity/Q202925,tribal house
http://www.wikidata.org/entity/Q202919,berceuse
http://www.wikidata.org/entity/Q201405,Renaissance music
http://www.wikidata.org/entity/Q199415,Ziglibithy
http://www.wikidata.org/entity/Q202930,reggaeton
http://www.wikidata.org/entity/Q964658,Outlaw country
http://www.wikidata.org/entity/Q965635,underground hip hop
http://www.wikidata.org/entity/Q963369,vispop
http://www.wikidata.org/entity/Q963061,Highlife
http://www.wikidata.org/entity/Q966564,hardcore hip hop
http://www.wikidata.org/entity/Q961146,Haití
http://www.wikidata.org/entity/Q959583,schlager music
http://www.wikidata.org/entity/Q483352,thrash metal
http://www.wikidata.org/entity/Q483740,Anatolian rock
http://www.wikidata.org/entity/Q936573,crunk
http://www.wikidata.org/entity/Q942955,milonga
http://www.wikidata.org/entity/Q936942,post-industrial music
http://www.wikidata.org/entity/Q935586,liturgical music
http://www.wikidata.org/entity/Q932977,crossover thrash
http://www.wikidata.org/entity/Q719927,symphonic rock
http://www.wikidata.org/entity/Q722989,Hungarian folk music
http://www.wikidata.org/entity/Q720959,sludge metal
http://www.wikidata.org/entity/Q205049,world music
http://www.wikidata.org/entity/Q203775,swing music
http://www.wikidata.org/entity/Q836571,fantasia
http://www.wikidata.org/entity/Q835891,funk rock
http://www.wikidata.org/entity/Q835562,habanera
http://www.wikidata.org/entity/Q943929,traditional song
http://www.wikidata.org/entity/Q949369,funky house
http://www.wikidata.org/entity/Q944465,fusion
http://www.wikidata.org/entity/Q951392,Stile antico
http://www.wikidata.org/entity/Q211025,march
http://www.wikidata.org/entity/Q209498,2 Tone
http://www.wikidata.org/entity/Q209741,programme music
http://www.wikidata.org/entity/Q205560,trip hop
http://www.wikidata.org/entity/Q205978,Circus music
http://www.wikidata.org/entity/Q206159,psychedelic rock
http://www.wikidata.org/entity/Q650505,Rapso
http://www.wikidata.org/entity/Q655514,freestyle music
http://www.wikidata.org/entity/Q659599,art punk
http://www.wikidata.org/entity/Q660984,intelligent dance music
http://www.wikidata.org/entity/Q650316,drone music
http://www.wikidata.org/entity/Q485915,Trot
http://www.wikidata.org/entity/Q486263,bossa nova
http://www.wikidata.org/entity/Q9778,electronic music
http://www.wikidata.org/entity/Q956883,Carnatic music
http://www.wikidata.org/entity/Q958982,saeta
http://www.wikidata.org/entity/Q956717,kwaito
http://www.wikidata.org/entity/Q211781,free jazz
http://www.wikidata.org/entity/Q211756,dance-pop
http://www.wikidata.org/entity/Q207591,Romantic music
http://www.wikidata.org/entity/Q208239,salsa
http://www.wikidata.org/entity/Q967167,Russendisko
http://www.wikidata.org/entity/Q972424,old-time music
http://www.wikidata.org/entity/Q968165,Brukdown
http://www.wikidata.org/entity/Q969663,political hip hop
http://www.wikidata.org/entity/Q967654,Neurofunk
http://www.wikidata.org/entity/Q968730,industrial rock
http://www.wikidata.org/entity/Q970409,Unblack metal
http://www.wikidata.org/entity/Q997481,bubblegum pop
http://www.wikidata.org/entity/Q989478,sensitive style
http://www.wikidata.org/entity/Q976634,Sevillanas
http://www.wikidata.org/entity/Q973150,mandopop
http://www.wikidata.org/entity/Q486415,symphonic metal
http://www.wikidata.org/entity/Q486365,anarcho-punk
http://www.wikidata.org/entity/Q726239,noise
http://www.wikidata.org/entity/Q727781,Latin American music
http://www.wikidata.org/entity/Q727634,Ranchera
http://www.wikidata.org/entity/Q682417,Sogak
http://www.wikidata.org/entity/Q675553,swamp rock
http://www.wikidata.org/entity/Q669738,Yass
http://www.wikidata.org/entity/Q677542,Riot grrrl
http://www.wikidata.org/entity/Q674684,Sevdalinka
http://www.wikidata.org/entity/Q890575,punk metal
http://www.wikidata.org/entity/Q888612,deathgrind
http://www.wikidata.org/entity/Q485395,gothic rock
http://www.wikidata.org/entity/Q484692,hymn
http://www.wikidata.org/entity/Q484641,pop rock
http://www.wikidata.org/entity/Q484179,folk metal
http://www.wikidata.org/entity/Q484344,progressive metal
http://www.wikidata.org/entity/Q9794,reggae
http://www.wikidata.org/entity/Q211573,garage rock
http://www.wikidata.org/entity/Q211723,speed metal
http://www.wikidata.org/entity/Q1016608,burlesque
http://www.wikidata.org/entity/Q1026089,Cajun music
http://www.wikidata.org/entity/Q1045541,g-funk
http://www.wikidata.org/entity/Q1027999,vocal trance
http://www.wikidata.org/entity/Q1033912,Hard dance
http://www.wikidata.org/entity/Q1037693,modern rock
http://www.wikidata.org/entity/Q1092924,Villotta
http://www.wikidata.org/entity/Q1102161,jungle
http://www.wikidata.org/entity/Q1092837,post-bop
http://www.wikidata.org/entity/Q1096120,classic rock
http://www.wikidata.org/entity/Q1100989,glitch
http://www.wikidata.org/entity/Q752785,calypso music
http://www.wikidata.org/entity/Q749475,psybient
http://www.wikidata.org/entity/Q744417,Italo disco
http://www.wikidata.org/entity/Q750811,Minimal House
http://www.wikidata.org/entity/Q747717,heartland rock
http://www.wikidata.org/entity/Q212024,Spiritual
http://www.wikidata.org/entity/Q212688,dub
http://www.wikidata.org/entity/Q208341,pasodoble
http://www.wikidata.org/entity/Q208494,industrial metal
http://www.wikidata.org/entity/Q1071873,Chicago blues
http://www.wikidata.org/entity/Q1076092,technical death metal
http://www.wikidata.org/entity/Q1071244,Revival punk
http://www.wikidata.org/entity/Q1071961,Chicago house
http://www.wikidata.org/entity/Q10922,hardcore punk
http://www.wikidata.org/entity/Q11366,alternative rock
http://www.wikidata.org/entity/Q753520,Christian rock
http://www.wikidata.org/entity/Q753679,gangsta rap
http://www.wikidata.org/entity/Q487965,industrial music
http://www.wikidata.org/entity/Q487914,pop punk
http://www.wikidata.org/entity/Q1065742,religious music
http://www.wikidata.org/entity/Q1062400,chanson
http://www.wikidata.org/entity/Q1062702,video game music
http://www.wikidata.org/entity/Q213714,bluegrass music
http://www.wikidata.org/entity/Q216860,Lied
http://www.wikidata.org/entity/Q213149,Viking metal
http://www.wikidata.org/entity/Q213572,Neue Deutsche Härte
http://www.wikidata.org/entity/Q663979,glee
http://www.wikidata.org/entity/Q661651,show tune
http://www.wikidata.org/entity/Q667659,funk metal
http://www.wikidata.org/entity/Q665286,Luk thung
http://www.wikidata.org/entity/Q663519,breakbeat
http://www.wikidata.org/entity/Q757143,chill-out music
http://www.wikidata.org/entity/Q766240,cueca
http://www.wikidata.org/entity/Q756956,dark ambient
http://www.wikidata.org/entity/Q773880,bitpop
http://www.wikidata.org/entity/Q768134,Mestizo music
http://www.wikidata.org/entity/Q11365,grunge
http://www.wikidata.org/entity/Q10926,emo
http://www.wikidata.org/entity/Q11363,screamo
http://www.wikidata.org/entity/Q217295,mass
http://www.wikidata.org/entity/Q217467,art rock
http://www.wikidata.org/entity/Q739138,teen pop
http://www.wikidata.org/entity/Q728579,balwo
http://www.wikidata.org/entity/Q733804,hands up
http://www.wikidata.org/entity/Q740911,ragga
http://www.wikidata.org/entity/Q217191,soft rock
http://www.wikidata.org/entity/Q216961,Eurodance
http://www.wikidata.org/entity/Q710917,Sanjo
http://www.wikidata.org/entity/Q700423,Austropop
http://www.wikidata.org/entity/Q685884,vocal music
http://www.wikidata.org/entity/Q703778,neo-psychedelia
http://www.wikidata.org/entity/Q710673,aak
http://www.wikidata.org/entity/Q1046768,Música Popular Brasileira
http://www.wikidata.org/entity/Q1046838,New Wave of American Heavy Metal
http://www.wikidata.org/entity/Q1046801,turntablism
http://www.wikidata.org/entity/Q1046920,Dōjin music
http://www.wikidata.org/entity/Q1051575,humppa
http://www.wikidata.org/entity/Q11399,rock music
http://www.wikidata.org/entity/Q209137,post-rock
http://www.wikidata.org/entity/Q221772,acid jazz
http://www.wikidata.org/entity/Q221438,rhumba
http://www.wikidata.org/entity/Q25116,Argentine tango
http://www.wikidata.org/entity/Q20903,brostep
http://www.wikidata.org/entity/Q21092,moombahton
http://www.wikidata.org/entity/Q24383,German rock
http://www.wikidata.org/entity/Q20378,alternative metal
http://www.wikidata.org/entity/Q213665,K-pop
http://www.wikidata.org/entity/Q517415,Europop
http://www.wikidata.org/entity/Q504635,crossover
http://www.wikidata.org/entity/Q515074,Louisiana blues
http://www.wikidata.org/entity/Q505343,Jongo
http://www.wikidata.org/entity/Q513357,Coupé-Décalé
http://www.wikidata.org/entity/Q516568,New Orleans blues
http://www.wikidata.org/entity/Q20502,house music
http://www.wikidata.org/entity/Q20474,dubstep
http://www.wikidata.org/entity/Q787663,Guajira
http://www.wikidata.org/entity/Q790188,avant-garde jazz
http://www.wikidata.org/entity/Q805044,Balkan Brass
http://www.wikidata.org/entity/Q786815,turbo-folk
http://www.wikidata.org/entity/Q804401,Bakersfield sound
http://www.wikidata.org/entity/Q213121,New-age music
http://www.wikidata.org/entity/Q212944,klezmer
http://www.wikidata.org/entity/Q212952,boogie-woogie
http://www.wikidata.org/entity/Q268253,neo soul
http://www.wikidata.org/entity/Q265147,revolutionary song
http://www.wikidata.org/entity/Q271802,symphonic poem
http://www.wikidata.org/entity/Q267287,Dunedin sound
http://www.wikidata.org/entity/Q492096,Andean music
http://www.wikidata.org/entity/Q492643,Trad jazz
http://www.wikidata.org/entity/Q492264,film score
http://www.wikidata.org/entity/Q11403,samba
http://www.wikidata.org/entity/Q253137,rock opera
http://www.wikidata.org/entity/Q251192,downtempo
http://www.wikidata.org/entity/Q245296,Zydeco
http://www.wikidata.org/entity/Q252833,alpine folk music
http://www.wikidata.org/entity/Q252626,jota
http://www.wikidata.org/entity/Q1166218,dark rock
http://www.wikidata.org/entity/Q1165777,UK garage
http://www.wikidata.org/entity/Q1166321,darkstep
http://www.wikidata.org/entity/Q1166197,dark metal
http://www.wikidata.org/entity/Q1164847,dansband
http://www.wikidata.org/entity/Q1166158,dark cabaret
http://www.wikidata.org/entity/Q272167,shoegazing
http://www.wikidata.org/entity/Q274401,Oi!
http://www.wikidata.org/entity/Q278357,Oshare-Kei
http://www.wikidata.org/entity/Q7920719,Ver
http://www.wikidata.org/entity/Q7616089,Sthayi
http://www.wikidata.org/entity/Q7847070,Cifra
http://www.wikidata.org/entity/Q7676623,Taiwanese rock
http://www.wikidata.org/entity/Q7684951,Taqtuqa
http://www.wikidata.org/entity/Q7983231,Were music
http://www.wikidata.org/entity/Q8030395,Wolof music
http://www.wikidata.org/entity/Q8052472,Yeongsan hoesang
http://www.wikidata.org/entity/Q7967858,Wangga
http://www.wikidata.org/entity/Q8197165,ambient black metal
http://www.wikidata.org/entity/Q8210150,Avanzada Regia
http://www.wikidata.org/entity/Q7901502,Uruguayan punk
http://www.wikidata.org/entity/Q7935998,Vishnupada
http://www.wikidata.org/entity/Q8032087,Wonky pop
http://www.wikidata.org/entity/Q7616955,Stile concitato
http://www.wikidata.org/entity/Q7672468,TV track
http://www.wikidata.org/entity/Q7692752,Tecnocumbia
http://www.wikidata.org/entity/Q7823768,Tonás
http://www.wikidata.org/entity/Q8044009,Xhosa music
http://www.wikidata.org/entity/Q7624424,Stronda music
http://www.wikidata.org/entity/Q8044658,Xintianyou
http://www.wikidata.org/entity/Q8072348,Zindalii
http://www.wikidata.org/entity/Q7561291,Songo-salsa
http://www.wikidata.org/entity/Q7855391,Turkish pop music
http://www.wikidata.org/entity/Q7911938,Vallenato-salsa
http://www.wikidata.org/entity/Q7801106,Tierra Caliente
http://www.wikidata.org/entity/Q7596498,stadium anthem
http://www.wikidata.org/entity/Q7676613,Taiwanese hip hop
http://www.wikidata.org/entity/Q7846276,Tropotianka
http://www.wikidata.org/entity/Q7687882,Tatar rock
http://www.wikidata.org/entity/Q7923265,Vesnianky
http://www.wikidata.org/entity/Q7972788,Wassoulou music
http://www.wikidata.org/entity/Q8062606,Yürük semai
http://www.wikidata.org/entity/Q7667734,T'ong guitar
http://www.wikidata.org/entity/Q7777494,theatre music
http://www.wikidata.org/entity/Q7832321,traditional bluegrass
http://www.wikidata.org/entity/Q7847156,truck-driving country
http://www.wikidata.org/entity/Q7800608,Desert blues
http://www.wikidata.org/entity/Q260095,ultra
http://www.wikidata.org/entity/Q261434,fight song
http://www.wikidata.org/entity/Q263524,Tswana music
http://www.wikidata.org/entity/Q263734,nu metal
http://www.wikidata.org/entity/Q264289,sophisti-pop
http://www.wikidata.org/entity/Q11401,hip hop music
http://www.wikidata.org/entity/Q783243,Australian hip hop
http://www.wikidata.org/entity/Q784310,electro hop
http://www.wikidata.org/entity/Q783097,college rock
http://www.wikidata.org/entity/Q783874,nasheed
http://www.wikidata.org/entity/Q775614,neofolk
http://www.wikidata.org/entity/Q780517,speed garage
http://www.wikidata.org/entity/Q223840,Hardstyle
http://www.wikidata.org/entity/Q224694,White power music
http://www.wikidata.org/entity/Q227045,zouk
http://www.wikidata.org/entity/Q235858,folk music
http://www.wikidata.org/entity/Q227036,Zouglou
http://www.wikidata.org/entity/Q1055871,J-rock
http://www.wikidata.org/entity/Q1062328,Chanson
http://www.wikidata.org/entity/Q1051843,neo-progressive rock
http://www.wikidata.org/entity/Q1060475,chamamé
http://www.wikidata.org/entity/Q1061165,Champeta
http://www.wikidata.org/entity/Q1051735,soca music
http://www.wikidata.org/entity/Q1054490,Ceòl Beag
http://www.wikidata.org/entity/Q236913,space rock
http://www.wikidata.org/entity/Q1091450,aggrotech
http://www.wikidata.org/entity/Q1091056,Funktronica
http://www.wikidata.org/entity/Q1078010,martial industrial
http://www.wikidata.org/entity/Q1089050,Latin Alternative
http://www.wikidata.org/entity/Q1090048,Chutney music
http://www.wikidata.org/entity/Q1092553,Celtic fusion
http://www.wikidata.org/entity/Q1090674,string orchestra
http://www.wikidata.org/entity/Q284543,ethereal wave
http://www.wikidata.org/entity/Q283405,Punta
http://www.wikidata.org/entity/Q286080,acoustic music
http://www.wikidata.org/entity/Q282131,merengue music
http://www.wikidata.org/entity/Q1159539,dangdut
http://www.wikidata.org/entity/Q1162475,Nóta
http://www.wikidata.org/entity/Q1162954,French pop music
http://www.wikidata.org/entity/Q1151260,D-beat
http://www.wikidata.org/entity/Q1151663,novelty song
http://www.wikidata.org/entity/Q1164252,deathrock
http://www.wikidata.org/entity/Q1190485,post-disco
http://www.wikidata.org/entity/Q1181308,death 'n' roll
http://www.wikidata.org/entity/Q1185390,disco polo
http://www.wikidata.org/entity/Q1166726,grime
http://www.wikidata.org/entity/Q1182371,deep funk
http://www.wikidata.org/entity/Q1136331,nu jazz
http://www.wikidata.org/entity/Q1136765,uplifting trance
http://www.wikidata.org/entity/Q1141081,lounge music
http://www.wikidata.org/entity/Q1136045,Wonky
http://www.wikidata.org/entity/Q1139136,horrorcore
http://www.wikidata.org/entity/Q1076539,choro
http://www.wikidata.org/entity/Q1077172,Instrumental hip hop
http://www.wikidata.org/entity/Q1076513,choral music
http://www.wikidata.org/entity/Q1077388,sentimental ballad
http://www.wikidata.org/entity/Q38848,heavy metal
http://www.wikidata.org/entity/Q38656,jazz-funk
http://www.wikidata.org/entity/Q1130969,fandango
http://www.wikidata.org/entity/Q1132152,math rock
http://www.wikidata.org/entity/Q1133657,traditional heavy metal
http://www.wikidata.org/entity/Q46046,baroque pop
http://www.wikidata.org/entity/Q46649,Jump-up
http://www.wikidata.org/entity/Q598929,post-punk
http://www.wikidata.org/entity/Q592060,free improvisation
http://www.wikidata.org/entity/Q598593,tech house
http://www.wikidata.org/entity/Q592330,dream pop
http://www.wikidata.org/entity/Q253918,melodic death metal
http://www.wikidata.org/entity/Q255406,jazz rap
http://www.wikidata.org/entity/Q217597,electro
http://www.wikidata.org/entity/Q220528,Rebetiko
http://www.wikidata.org/entity/Q220830,surf music
http://www.wikidata.org/entity/Q8261762,birthday song
http://www.wikidata.org/entity/Q9016941,Kantu
http://www.wikidata.org/entity/Q8812109,church music
http://www.wikidata.org/entity/Q9011351,jazzstep
http://www.wikidata.org/entity/Q9051097,Nueva ola
http://www.wikidata.org/entity/Q9067503,reggae punk
http://www.wikidata.org/entity/Q9014988,Jota Aragonese
http://www.wikidata.org/entity/Q9049284,nenia
http://www.wikidata.org/entity/Q9050551,noisegrind
http://www.wikidata.org/entity/Q8273152,Hutsulka
http://www.wikidata.org/entity/Q8347620,industrial coldwave
http://www.wikidata.org/entity/Q8261759,tonada
http://www.wikidata.org/entity/Q9035285,moshcore
http://www.wikidata.org/entity/Q493169,children's song
http://www.wikidata.org/entity/Q496929,Maloya
http://www.wikidata.org/entity/Q546206,Miami bass
http://www.wikidata.org/entity/Q544440,Filmi
http://www.wikidata.org/entity/Q542971,progressive death metal
http://www.wikidata.org/entity/Q546264,beat music
http://www.wikidata.org/entity/Q542703,melodic hardcore
http://www.wikidata.org/entity/Q535611,neoclassicism
http://www.wikidata.org/entity/Q526463,Detroit techno
http://www.wikidata.org/entity/Q535402,Tropipop
http://www.wikidata.org/entity/Q529742,Boom bap
http://www.wikidata.org/entity/Q534606,swamp blues
http://www.wikidata.org/entity/Q533914,National Socialist black metal
http://www.wikidata.org/entity/Q599510,romance
http://www.wikidata.org/entity/Q1191299,industrial hardcore
http://www.wikidata.org/entity/Q1191544,Kuduro
http://www.wikidata.org/entity/Q1192110,C-pop
http://www.wikidata.org/entity/Q1190565,jangle pop
http://www.wikidata.org/entity/Q54365,ska
http://www.wikidata.org/entity/Q48445,mashup
http://www.wikidata.org/entity/Q49451,progressive rock
http://www.wikidata.org/entity/Q1151259,Nueva canción
http://www.wikidata.org/entity/Q1147692,goregrind
http://www.wikidata.org/entity/Q1143741,Chicha
http://www.wikidata.org/entity/Q1141686,Galante music
http://www.wikidata.org/entity/Q1143752,Cumbia villera
http://www.wikidata.org/entity/Q1147752,incidental music
http://www.wikidata.org/entity/Q823080,no wave
http://www.wikidata.org/entity/Q823560,musique concrète
http://www.wikidata.org/entity/Q316930,dance music
http://www.wikidata.org/entity/Q290869,Son montuno
http://www.wikidata.org/entity/Q302401,punkabilly
http://www.wikidata.org/entity/Q307054,Schranz
http://www.wikidata.org/entity/Q310871,Lowercase
http://www.wikidata.org/entity/Q370778,twee pop
http://www.wikidata.org/entity/Q362515,Electrotango
http://www.wikidata.org/entity/Q367751,Pachanga
http://www.wikidata.org/entity/Q370515,New Wave of British Heavy Metal
http://www.wikidata.org/entity/Q372103,electronic body music
http://www.wikidata.org/entity/Q371745,timba
http://www.wikidata.org/entity/Q27190,protopunk
http://www.wikidata.org/entity/Q26473,Gregorian chant
http://www.wikidata.org/entity/Q37073,pop music
http://www.wikidata.org/entity/Q354204,Folklore of Argentina
http://www.wikidata.org/entity/Q360596,disco house
http://www.wikidata.org/entity/Q336567,Afro/Cosmic music
http://www.wikidata.org/entity/Q339906,Happy Hardcore
http://www.wikidata.org/entity/Q341396,acidcore
http://www.wikidata.org/entity/Q361164,Wienerlied
http://www.wikidata.org/entity/Q341395,acid techno
http://www.wikidata.org/entity/Q341364,acid house
http://www.wikidata.org/entity/Q373342,popular music
http://www.wikidata.org/entity/Q377910,post-hardcore
http://www.wikidata.org/entity/Q45981,rhythm and blues
http://www.wikidata.org/entity/Q320592,krautrock
http://www.wikidata.org/entity/Q325397,indietronica
http://www.wikidata.org/entity/Q1196752,traditional pop music
http://www.wikidata.org/entity/Q1195253,sea shanty
http://www.wikidata.org/entity/Q1195630,Neapolitan song
http://www.wikidata.org/entity/Q1127530,modal jazz
http://www.wikidata.org/entity/Q1127539,Delta blues
http://www.wikidata.org/entity/Q1113204,dub poetry
http://www.wikidata.org/entity/Q1123745,glam punk
http://www.wikidata.org/entity/Q1109947,Ragga hip hop
http://www.wikidata.org/entity/Q58339,disco
http://www.wikidata.org/entity/Q1361891,Jōruri
http://www.wikidata.org/entity/Q1370720,Humoresque
http://www.wikidata.org/entity/Q1368139,Esperanto music
http://www.wikidata.org/entity/Q1373485,underground music
http://www.wikidata.org/entity/Q1352148,Seconda pratica
http://www.wikidata.org/entity/Q1371364,ethno jazz
http://www.wikidata.org/entity/Q41343,post-metal
http://www.wikidata.org/entity/Q40461,bachata
http://www.wikidata.org/entity/Q1207347,Shibuya-kei
http://www.wikidata.org/entity/Q1253172,Southern hip hop
http://www.wikidata.org/entity/Q1229479,Lament
http://www.wikidata.org/entity/Q1242484,Doomcore
http://www.wikidata.org/entity/Q1252451,Montuno
http://www.wikidata.org/entity/Q1243254,Lento Violento
http://www.wikidata.org/entity/Q1228230,Dirty House
http://www.wikidata.org/entity/Q1234748,retro-prog
http://www.wikidata.org/entity/Q1217862,Die anderen Bands
http://www.wikidata.org/entity/Q1258366,tower music
http://www.wikidata.org/entity/Q1202208,joropo
http://www.wikidata.org/entity/Q1314422,Geistliches Konzert
http://www.wikidata.org/entity/Q1317816,indie folk
http://www.wikidata.org/entity/Q1307555,punk'n'roll
http://www.wikidata.org/entity/Q1299260,roots reggae
http://www.wikidata.org/entity/Q1323698,Indian classical music
http://www.wikidata.org/entity/Q11693017,Darkcore
http://www.wikidata.org/entity/Q11319210,technopop
http://www.wikidata.org/entity/Q11660484,Denpa song
http://www.wikidata.org/entity/Q11314585,self-cover
http://www.wikidata.org/entity/Q11325235,neo acoustic
http://www.wikidata.org/entity/Q11223087,Persian traditional music
http://www.wikidata.org/entity/Q11700065,pop soul
http://www.wikidata.org/entity/Q11694874,Neoromanticism (music)
http://www.wikidata.org/entity/Q11307326,city pop
http://www.wikidata.org/entity/Q11262541,omoro
http://www.wikidata.org/entity/Q11563285,Shonan Sound
http://www.wikidata.org/entity/Q11700058,folk-pop
http://www.wikidata.org/entity/Q1403744,electro-industrial
http://www.wikidata.org/entity/Q1413061,tropicália
http://www.wikidata.org/entity/Q1399695,Chicano rap
http://www.wikidata.org/entity/Q1391336,comedy rock
http://www.wikidata.org/entity/Q1406136,Ahellil
http://www.wikidata.org/entity/Q1398916,favola in musica
http://www.wikidata.org/entity/Q1379958,contemporary Christian music
http://www.wikidata.org/entity/Q1378776,music of Ireland
http://www.wikidata.org/entity/Q1374731,Euro disco
http://www.wikidata.org/entity/Q131272,soul music
http://www.wikidata.org/entity/Q131425,visual kei
http://www.wikidata.org/entity/Q131269,sonata
http://www.wikidata.org/entity/Q131578,J-pop
http://www.wikidata.org/entity/Q10286515,Melodic funk
http://www.wikidata.org/entity/Q11122966,Gothenburg metal
http://www.wikidata.org/entity/Q10354439,Proibidão
http://www.wikidata.org/entity/Q10363580,cabaret rock
http://www.wikidata.org/entity/Q10367259,sambalanço
http://www.wikidata.org/entity/Q10384086,minimalist trance
http://www.wikidata.org/entity/Q11162353,Jiuta
http://www.wikidata.org/entity/Q9302696,mafioso rap
http://www.wikidata.org/entity/Q10283582,Electronic forró
http://www.wikidata.org/entity/Q10466674,Dansband pop
http://www.wikidata.org/entity/Q10846275,Akiba-pop
http://www.wikidata.org/entity/Q10363610,Bosnian rock
http://www.wikidata.org/entity/Q9364028,UK funky
http://www.wikidata.org/entity/Q10932272,Technobanda
http://www.wikidata.org/entity/Q9334632,screamo rap
http://www.wikidata.org/entity/Q10360435,rhythm and grime
http://www.wikidata.org/entity/Q10915563,Taiwanese folk music
http://www.wikidata.org/entity/Q10669480,sailor song
http://www.wikidata.org/entity/Q10757361,Vietnamese folk music
http://www.wikidata.org/entity/Q11135733,newly-composed folk music
http://www.wikidata.org/entity/Q9384895,Yunnan hill song
http://www.wikidata.org/entity/Q10372501,A capella rock
http://www.wikidata.org/entity/Q12037719,minimal glitch
http://www.wikidata.org/entity/Q12059475,traditional jazz
http://www.wikidata.org/entity/Q11830421,Drum'n'core
http://www.wikidata.org/entity/Q11903204,Zouk chouv
http://www.wikidata.org/entity/Q12408914,Contemporary Jewish religious music
http://www.wikidata.org/entity/Q11956983,Afro-jazz
http://www.wikidata.org/entity/Q12224286,Abidat Rma
http://www.wikidata.org/entity/Q12339784,Trock
http://www.wikidata.org/entity/Q12411192,Israeli hip hop
http://www.wikidata.org/entity/Q12007812,trønder rock
http://www.wikidata.org/entity/Q12274303,Bulgarian folk songs
http://www.wikidata.org/entity/Q12362804,fughetta
http://www.wikidata.org/entity/Q12360747,Deathrash metal
http://www.wikidata.org/entity/Q11885649,opera metal
http://www.wikidata.org/entity/Q12018477,grungecore
http://www.wikidata.org/entity/Q12302979,battle rap
http://www.wikidata.org/entity/Q12811727,Saz semai
http://www.wikidata.org/entity/Q12671486,ritual ambient
http://www.wikidata.org/entity/Q12825819,Lapar
http://www.wikidata.org/entity/Q12832355,music for younger people
http://www.wikidata.org/entity/Q11890008,ramones-core
http://www.wikidata.org/entity/Q11992876,Norwegian new wave
http://www.wikidata.org/entity/Q174873,cantata
http://www.wikidata.org/entity/Q173844,vocal house
http://www.wikidata.org/entity/Q177447,West Coast blues
http://www.wikidata.org/entity/Q57143,power metal
http://www.wikidata.org/entity/Q56580,digital hardcore
http://www.wikidata.org/entity/Q236932,acid rock
http://www.wikidata.org/entity/Q239459,trip rock
http://www.wikidata.org/entity/Q241662,groove metal
http://www.wikidata.org/entity/Q178145,gothic metal
http://www.wikidata.org/entity/Q180268,gospel music
http://www.wikidata.org/entity/Q1275972,Raggacore
http://www.wikidata.org/entity/Q1277532,early reggae
http://www.wikidata.org/entity/Q1298934,synth-pop
http://www.wikidata.org/entity/Q1273641,Punk pathetique
http://www.wikidata.org/entity/Q1271752,Texas blues
http://www.wikidata.org/entity/Q1339121,contemporary worship music
http://www.wikidata.org/entity/Q1340043,samba
http://www.wikidata.org/entity/Q1326777,electroacoustic music
http://www.wikidata.org/entity/Q1328560,Trallpunk
http://www.wikidata.org/entity/Q1335569,techstep
http://www.wikidata.org/entity/Q1339027,dream trance
http://www.wikidata.org/entity/Q105527,jazz fusion
http://www.wikidata.org/entity/Q105513,bebop
http://www.wikidata.org/entity/Q332478,absolute music
http://www.wikidata.org/entity/Q325504,electronic rock
http://www.wikidata.org/entity/Q327547,cool jazz
http://www.wikidata.org/entity/Q577080,P-Funk
http://www.wikidata.org/entity/Q591990,jazz standard
http://www.wikidata.org/entity/Q586110,forró
http://www.wikidata.org/entity/Q590662,Bend-skin
http://www.wikidata.org/entity/Q584752,pornogrind
http://www.wikidata.org/entity/Q585588,Khaliji
http://www.wikidata.org/entity/Q181010,hard bop
http://www.wikidata.org/entity/Q181861,noise rock
http://www.wikidata.org/entity/Q1262781,dub techno
http://www.wikidata.org/entity/Q1265067,Dumka
http://www.wikidata.org/entity/Q1262697,Mento
http://www.wikidata.org/entity/Q1269729,Chicago soul
http://www.wikidata.org/entity/Q1265050,Terrorcore
http://www.wikidata.org/entity/Q1268283,Romani music
http://www.wikidata.org/entity/Q1259016,drill 'n' bass
http://www.wikidata.org/entity/Q83440,country music
http://www.wikidata.org/entity/Q83270,hard rock
http://www.wikidata.org/entity/Q805130,ballade
http://www.wikidata.org/entity/Q817138,electronica
http://www.wikidata.org/entity/Q822914,Christian metal
http://www.wikidata.org/entity/Q820049,mainstream hardcore
http://www.wikidata.org/entity/Q1437709,Canción
http://www.wikidata.org/entity/Q1435485,Axé music
http://www.wikidata.org/entity/Q1435509,folktronica
http://www.wikidata.org/entity/Q1443316,Christmas music
http://www.wikidata.org/entity/Q1433547,Jazzcore
http://www.wikidata.org/entity/Q500879,Reggae en Español
http://www.wikidata.org/entity/Q503354,Christmas carol
http://www.wikidata.org/entity/Q502535,Morna
http://www.wikidata.org/entity/Q502886,Madchester
http://www.wikidata.org/entity/Q497957,Nueva trova
http://www.wikidata.org/entity/Q70076,Tappa
http://www.wikidata.org/entity/Q76092,glam rock
http://www.wikidata.org/entity/Q63885,Christian punk
http://www.wikidata.org/entity/Q13212088,Hori
http://www.wikidata.org/entity/Q12882577,pagan black metal
http://www.wikidata.org/entity/Q13142456,Advent song
http://www.wikidata.org/entity/Q13580383,isolationism
http://www.wikidata.org/entity/Q13060093,sufi rock
http://www.wikidata.org/entity/Q13586773,war metal
http://www.wikidata.org/entity/Q13634037,jazz samba
http://www.wikidata.org/entity/Q12845743,Symphonic mugam
http://www.wikidata.org/entity/Q12876995,Greek folk music
http://www.wikidata.org/entity/Q12890903,gaga
http://www.wikidata.org/entity/Q12881722,Nisiotika
http://www.wikidata.org/entity/Q13059993,Sari gan
http://www.wikidata.org/entity/Q13424679,Red and Anarchist black metal
http://www.wikidata.org/entity/Q13627677,psychobilly
http://www.wikidata.org/entity/Q13646229,Gothic music
http://www.wikidata.org/entity/Q13474411,Punk in Germany
http://www.wikidata.org/entity/Q13026479,Phleng Lae
http://www.wikidata.org/entity/Q1430587,minimal techno
http://www.wikidata.org/entity/Q1430045,Florida death metal
http://www.wikidata.org/entity/Q1431327,pub rock
http://www.wikidata.org/entity/Q1432201,Muzak
http://www.wikidata.org/entity/Q1433387,drone metal
http://www.wikidata.org/entity/Q1432934,Paisley Underground
http://www.wikidata.org/entity/Q163775,medieval music
http://www.wikidata.org/entity/Q155119,Cuarteto
http://www.wikidata.org/entity/Q825769,crust punk
http://www.wikidata.org/entity/Q546359,doo-wop
http://www.wikidata.org/entity/Q547137,Latin pop
http://www.wikidata.org/entity/Q572717,Music of Jamaica
http://www.wikidata.org/entity/Q556959,Mbalax
http://www.wikidata.org/entity/Q1455292,French house
http://www.wikidata.org/entity/Q1455487,Frenchcore
http://www.wikidata.org/entity/Q1455932,Frevo
http://www.wikidata.org/entity/Q1457545,pagan metal
http://www.wikidata.org/entity/Q1457753,Pìobaireachd
http://www.wikidata.org/entity/Q16894831,Pols
http://www.wikidata.org/entity/Q16874159,Tyrolienne
http://www.wikidata.org/entity/Q16837290,Balearic trance
http://www.wikidata.org/entity/Q16845069,Bothy band
http://www.wikidata.org/entity/Q16937368,kolyadka
http://www.wikidata.org/entity/Q16977816,Moroccan pop
http://www.wikidata.org/entity/Q16844015,Boi
http://www.wikidata.org/entity/Q16820420,American march music
http://www.wikidata.org/entity/Q16844736,Hopak-Kolom
http://www.wikidata.org/entity/Q16873176,New Orleans soul
http://www.wikidata.org/entity/Q16909209,Ovi (music)
http://www.wikidata.org/entity/Q16941867,Jamaquello
http://www.wikidata.org/entity/Q16965849,Sawani
http://www.wikidata.org/entity/Q16875726,Ikinimba
http://www.wikidata.org/entity/Q16883428,Music in Astrakhan Oblast
http://www.wikidata.org/entity/Q16821210,Japanese jazz
http://www.wikidata.org/entity/Q16855754,blackgaze
http://www.wikidata.org/entity/Q16960459,Dhaanto
http://www.wikidata.org/entity/Q16965402,Jari gan
http://www.wikidata.org/entity/Q16829781,cloud rap
http://www.wikidata.org/entity/Q1754592,nerdcore
http://www.wikidata.org/entity/Q1756101,nu skool breaks
http://www.wikidata.org/entity/Q1770695,Hindustani classical music
http://www.wikidata.org/entity/Q1753803,Mor lam
http://www.wikidata.org/entity/Q1755959,Sufi music
http://www.wikidata.org/entity/Q133926,Tafelmusik
http://www.wikidata.org/entity/Q135637,chiptune
http://www.wikidata.org/entity/Q132438,black metal
http://www.wikidata.org/entity/Q16148439,Gaelic music
http://www.wikidata.org/entity/Q16303306,Folk & Roll
http://www.wikidata.org/entity/Q16250593,pub rock
http://www.wikidata.org/entity/Q16547782,Toasting
http://www.wikidata.org/entity/Q16208174,Alkayida
http://www.wikidata.org/entity/Q16733731,Kpanlogo
http://www.wikidata.org/entity/Q16241990,Chicano rock
http://www.wikidata.org/entity/Q16323732,Shaabi
http://www.wikidata.org/entity/Q16670598,polonaise
http://www.wikidata.org/entity/Q16056349,Indian rock
http://www.wikidata.org/entity/Q16625659,Space Ambient
http://www.wikidata.org/entity/Q16679167,Tchamassi
http://www.wikidata.org/entity/Q16698521,Slavic folk music
http://www.wikidata.org/entity/Q16152327,Pop music in Ukraine
http://www.wikidata.org/entity/Q16246074,Banda Sinfónica
http://www.wikidata.org/entity/Q16357920,Albanian hip hop
http://www.wikidata.org/entity/Q16562829,harsh noise
http://www.wikidata.org/entity/Q16096634,kawaii metal
http://www.wikidata.org/entity/Q16115207,Cha-wave
http://www.wikidata.org/entity/Q16636260,Straight Jazz
http://www.wikidata.org/entity/Q9095433,Waka music
http://www.wikidata.org/entity/Q9089200,totalism
http://www.wikidata.org/entity/Q9162904,Avant-pop
http://www.wikidata.org/entity/Q9149801,ambient techno
http://www.wikidata.org/entity/Q9300624,patriotic music
http://www.wikidata.org/entity/Q1552806,guaracha
http://www.wikidata.org/entity/Q1553339,chant
http://www.wikidata.org/entity/Q1564596,Taarab
http://www.wikidata.org/entity/Q1574985,vallenato
http://www.wikidata.org/entity/Q1567032,Southern soul
http://www.wikidata.org/entity/Q1583807,art music
http://www.wikidata.org/entity/Q181999,minimal electro
http://www.wikidata.org/entity/Q183504,indie rock
http://www.wikidata.org/entity/Q181897,stride
http://www.wikidata.org/entity/Q85477,oratorio
http://www.wikidata.org/entity/Q1643549,dance-punk
http://www.wikidata.org/entity/Q1650296,instrumental rock
http://www.wikidata.org/entity/Q1646666,mambo
http://www.wikidata.org/entity/Q1658757,Illbient
http://www.wikidata.org/entity/Q1651804,Noël varié
http://www.wikidata.org/entity/Q189201,chamber music
http://www.wikidata.org/entity/Q1695023,alternative
http://www.wikidata.org/entity/Q1677377,funeral march
http://www.wikidata.org/entity/Q1684520,Jazz blues
http://www.wikidata.org/entity/Q1715700,Jùjú music
http://www.wikidata.org/entity/Q1683348,Japanese hip hop
http://www.wikidata.org/entity/Q1692318,modinha
http://www.wikidata.org/entity/Q1702909,Raga rock
http://www.wikidata.org/entity/Q1682210,Mundartrock
http://www.wikidata.org/entity/Q1661924,industrial dance
http://www.wikidata.org/entity/Q170611,techno
http://www.wikidata.org/entity/Q183862,metalcore
http://www.wikidata.org/entity/Q185162,latin rock
http://www.wikidata.org/entity/Q185298,a cappella
http://www.wikidata.org/entity/Q43343,contemporary folk music
http://www.wikidata.org/entity/Q41923,yodeling
http://www.wikidata.org/entity/Q42201,independent music
http://www.wikidata.org/entity/Q15720097,Bhavageete
http://www.wikidata.org/entity/Q15893013,Funk ostentação
http://www.wikidata.org/entity/Q15957030,electro
http://www.wikidata.org/entity/Q15697534,drill music
http://www.wikidata.org/entity/Q15830404,bolero
http://www.wikidata.org/entity/Q15974722,songs of Brittany
http://www.wikidata.org/entity/Q16024685,Afro-soul
http://www.wikidata.org/entity/Q15931253,Dimotiko
http://www.wikidata.org/entity/Q15733887,vaporwave
http://www.wikidata.org/entity/Q16002495,Algorave
http://www.wikidata.org/entity/Q16029081,Deuda song
http://www.wikidata.org/entity/Q1902656,epic heavy metal
http://www.wikidata.org/entity/Q1899347,post-punk revival
http://www.wikidata.org/entity/Q1915787,H8000
http://www.wikidata.org/entity/Q1878514,post-black metal
http://www.wikidata.org/entity/Q1914924,Mbaqanga
http://www.wikidata.org/entity/Q1890098,New Beat
http://www.wikidata.org/entity/Q1913888,power noise
http://www.wikidata.org/entity/Q1891685,Russian chanson
http://www.wikidata.org/entity/Q14390274,tango
http://www.wikidata.org/entity/Q14493900,Texas country music
http://www.wikidata.org/entity/Q14546558,Neo-bop jazz
http://www.wikidata.org/entity/Q14942341,R'n'Besk
http://www.wikidata.org/entity/Q15357632,Early ragga
http://www.wikidata.org/entity/Q15042720,Andalusian copla
http://www.wikidata.org/entity/Q15141477,proto-metal
http://www.wikidata.org/entity/Q15357587,early dancehall
http://www.wikidata.org/entity/Q15629158,Medieval metal
http://www.wikidata.org/entity/Q15084768,love metal
http://www.wikidata.org/entity/Q15077373,Neues Geistliches Lied
http://www.wikidata.org/entity/Q15300817,big room house
http://www.wikidata.org/entity/Q23637018,Hornpipe
http://www.wikidata.org/entity/Q25204173,Revolution Summer
http://www.wikidata.org/entity/Q24876318,Drumstep
http://www.wikidata.org/entity/Q25099691,Neon pop
http://www.wikidata.org/entity/Q23019151,reggada
http://www.wikidata.org/entity/Q24189851,Epic music
http://www.wikidata.org/entity/Q25419286,Gaúcho rock
http://www.wikidata.org/entity/Q25105231,Machine-pop
http://www.wikidata.org/entity/Q25205732,The Normals
http://www.wikidata.org/entity/Q23925185,Pilón
http://www.wikidata.org/entity/Q25094849,art pop
http://www.wikidata.org/entity/Q25099472,Indigenous Nigerian music
http://www.wikidata.org/entity/Q25099840,Afro pop music
http://www.wikidata.org/entity/Q25578673,modern Javanese music
http://www.wikidata.org/entity/Q25407483,Anthem house
http://www.wikidata.org/entity/Q25712628,Rock music in Cuba
http://www.wikidata.org/entity/Q24905903,Simpsonwave
http://www.wikidata.org/entity/Q24910123,Jewish rock
http://www.wikidata.org/entity/Q24887126,Post-progressive
http://www.wikidata.org/entity/Q23022165,Boxes Summer 2016 tour
http://www.wikidata.org/entity/Q25094591,experimental pop
http://www.wikidata.org/entity/Q25344630,Akwaaba Music
http://www.wikidata.org/entity/Q24678689,vaudeville-opérette
http://www.wikidata.org/entity/Q1500983,Sprechgesang
http://www.wikidata.org/entity/Q1499839,Lundu
http://www.wikidata.org/entity/Q1507298,lo-fi music
http://www.wikidata.org/entity/Q1500364,psychedelic folk
http://www.wikidata.org/entity/Q1515757,jump blues
http://www.wikidata.org/entity/Q1610196,French organ school
http://www.wikidata.org/entity/Q1597549,kizomba
http://www.wikidata.org/entity/Q1585015,UK hard house
http://www.wikidata.org/entity/Q1585075,breakbeat hardcore
http://www.wikidata.org/entity/Q1606591,reggae fusion
http://www.wikidata.org/entity/Q1588913,Hatecore
http://www.wikidata.org/entity/Q574646,Malagueñas
http://www.wikidata.org/entity/Q573484,rocksteady
http://www.wikidata.org/entity/Q572901,minimal music
http://www.wikidata.org/entity/Q574651,anti-folk
http://www.wikidata.org/entity/Q188450,electropop
http://www.wikidata.org/entity/Q2104307,popular classical
http://www.wikidata.org/entity/Q2109360,Danza
http://www.wikidata.org/entity/Q2181965,Freeform Hardcore
http://www.wikidata.org/entity/Q2097664,Indorock
http://www.wikidata.org/entity/Q2106887,Psychedelic hip hop
http://www.wikidata.org/entity/Q2111784,production music
http://www.wikidata.org/entity/Q2090023,Piano rock
http://www.wikidata.org/entity/Q2118402,German punk
http://www.wikidata.org/entity/Q2101610,political punk
http://www.wikidata.org/entity/Q2101613,Politrock
http://www.wikidata.org/entity/Q2138639,Levenslied
http://www.wikidata.org/entity/Q2090950,Byzantine music
http://www.wikidata.org/entity/Q2104067,pop-Jazz
http://www.wikidata.org/entity/Q1771297,folk music of England
http://www.wikidata.org/entity/Q1780056,Norteño
http://www.wikidata.org/entity/Q1779294,Space age pop
http://www.wikidata.org/entity/Q1784032,Viking rock
http://www.wikidata.org/entity/Q1785028,sleaze rock
http://www.wikidata.org/entity/Q1773654,Country folk
http://www.wikidata.org/entity/Q1775316,progg
http://www.wikidata.org/entity/Q1784106,Powerviolence
http://www.wikidata.org/entity/Q1772422,stoner metal
http://www.wikidata.org/entity/Q1785243,Long song
http://www.wikidata.org/entity/Q1781796,Sega music
http://www.wikidata.org/entity/Q145980,Zamrock
http://www.wikidata.org/entity/Q148163,zarzuela
http://www.wikidata.org/entity/Q153071,polka
http://www.wikidata.org/entity/Q138020,French hip hop
http://www.wikidata.org/entity/Q141459,conscious hip hop
http://www.wikidata.org/entity/Q164444,funk
http://www.wikidata.org/entity/Q170435,trance
http://www.wikidata.org/entity/Q18345375,Latin music
http://www.wikidata.org/entity/Q18358825,Verso
http://www.wikidata.org/entity/Q19678115,Time Lord rock
http://www.wikidata.org/entity/Q19860267,KZ-Pop
http://www.wikidata.org/entity/Q18358879,Outsider house
http://www.wikidata.org/entity/Q19815286,Japanese hardcore
http://www.wikidata.org/entity/Q19678100,nerd music
http://www.wikidata.org/entity/Q19938910,synthwave
http://www.wikidata.org/entity/Q18702741,Bogino duu
http://www.wikidata.org/entity/Q19820570,Ma'luf
http://www.wikidata.org/entity/Q19832746,nerd punk
http://www.wikidata.org/entity/Q18533602,black contemporary
http://www.wikidata.org/entity/Q19754215,Cante Alentejano
http://www.wikidata.org/entity/Q18378609,Jersey club
http://www.wikidata.org/entity/Q18406550,Ovsenki
http://www.wikidata.org/entity/Q18393891,Reggaestep
http://www.wikidata.org/entity/Q19672555,nerd-folk
http://www.wikidata.org/entity/Q193207,ambient music
http://www.wikidata.org/entity/Q193355,blues rock
http://www.wikidata.org/entity/Q28135297,Noel
http://www.wikidata.org/entity/Q28055053,Q-pop
http://www.wikidata.org/entity/Q28342195,Downer metal
http://www.wikidata.org/entity/Q27345019,Bass House
http://www.wikidata.org/entity/Q28045566,Rock de fusión
http://www.wikidata.org/entity/Q28129954,music of Curaçao
http://www.wikidata.org/entity/Q28328105,Traditional metal
http://www.wikidata.org/entity/Q28328303,Raw Black Metal
http://www.wikidata.org/entity/Q28401124,yacht rock
http://www.wikidata.org/entity/Q27981857,summer song
http://www.wikidata.org/entity/Q27981708,spring song
http://www.wikidata.org/entity/Q28326905,Step metal
http://www.wikidata.org/entity/Q28342250,Sleaze metal
http://www.wikidata.org/entity/Q28407001,Fashwave
http://www.wikidata.org/entity/Q28444881,sailor's song
http://www.wikidata.org/entity/Q28490034,hipco Music
http://www.wikidata.org/entity/Q26234147,afro trap
http://www.wikidata.org/entity/Q28102012,Disco-pop
http://www.wikidata.org/entity/Q28146601,Political music
http://www.wikidata.org/entity/Q28371127,cymrucana
http://www.wikidata.org/entity/Q28458027,hardbass
http://www.wikidata.org/entity/Q26280189,Galician rumba
http://www.wikidata.org/entity/Q28219760,descarga
http://www.wikidata.org/entity/Q1428637,spoken word
http://www.wikidata.org/entity/Q1425111,Western music
http://www.wikidata.org/entity/Q1413570,Sardana
http://www.wikidata.org/entity/Q1414858,New York death metal
http://www.wikidata.org/entity/Q1425661,folk punk
http://www.wikidata.org/entity/Q1418683,kayōkyoku
http://www.wikidata.org/entity/Q187760,new wave
http://www.wikidata.org/entity/Q186472,folk rock
http://www.wikidata.org/entity/Q1460303,Funkstep
http://www.wikidata.org/entity/Q1472271,pastorale
http://www.wikidata.org/entity/Q1490170,Slowcore
http://www.wikidata.org/entity/Q1470503,semba
http://www.wikidata.org/entity/Q1477428,M-Base
http://www.wikidata.org/entity/Q1474372,mugham
http://www.wikidata.org/entity/Q1493069,Gamelan gong kebyar
http://www.wikidata.org/entity/Q2265866,brutal death metal
http://www.wikidata.org/entity/Q2273147,Villanella
http://www.wikidata.org/entity/Q2280273,mod revival
http://www.wikidata.org/entity/Q2265295,coon song
http://www.wikidata.org/entity/Q2280497,country pop
http://www.wikidata.org/entity/Q2266376,boogie rock
http://www.wikidata.org/entity/Q2268922,Cowpunk
http://www.wikidata.org/entity/Q2278881,shimauta
http://www.wikidata.org/entity/Q28856774,wind music
http://www.wikidata.org/entity/Q28949059,depressive black metal
http://www.wikidata.org/entity/Q30347243,pieces for harpsichord
http://www.wikidata.org/entity/Q30902501,tecno-rumba
http://www.wikidata.org/entity/Q29966238,OPM
http://www.wikidata.org/entity/Q31930766,Symphonic power metal
http://www.wikidata.org/entity/Q33160145,ambient pop
http://www.wikidata.org/entity/Q29252685,trikiti
http://www.wikidata.org/entity/Q39046859,Harsh noise wall
http://www.wikidata.org/entity/Q30593639,Avant-funk
http://www.wikidata.org/entity/Q28721502,Finnish grime
http://www.wikidata.org/entity/Q30331677,semi-classical
http://www.wikidata.org/entity/Q30638997,mumble rap
http://www.wikidata.org/entity/Q33246019,Big-beat
http://www.wikidata.org/entity/Q28746819,bedroom pop
http://www.wikidata.org/entity/Q29480448,industrial techno
http://www.wikidata.org/entity/Q30912564,Taiwanese Mandopop
http://www.wikidata.org/entity/Q31837446,dark jazz
http://www.wikidata.org/entity/Q1871532,Tambu
http://www.wikidata.org/entity/Q1798870,pagan folk music
http://www.wikidata.org/entity/Q1793004,Kurdish music
http://www.wikidata.org/entity/Q1817297,Nangma
http://www.wikidata.org/entity/Q1872505,Lovers rock
http://www.wikidata.org/entity/Q1810546,Turkish folk music
http://www.wikidata.org/entity/Q1840167,witch house
http://www.wikidata.org/entity/Q1795903,Kölschrock
http://www.wikidata.org/entity/Q1815364,Makossa
http://www.wikidata.org/entity/Q1868278,black doom
http://www.wikidata.org/entity/Q185652,ragtime
http://www.wikidata.org/entity/Q188534,grindcore
http://www.wikidata.org/entity/Q188539,glam metal
http://www.wikidata.org/entity/Q1730388,Western swing
http://www.wikidata.org/entity/Q1737332,mainstream jazz
http://www.wikidata.org/entity/Q1735204,cassation
http://www.wikidata.org/entity/Q1751409,2-step garage
http://www.wikidata.org/entity/Q1716019,Jewish music
http://www.wikidata.org/entity/Q1752801,Rock in Opposition
http://www.wikidata.org/entity/Q1752683,soukous
http://www.wikidata.org/entity/Q1958273,Música sertaneja
http://www.wikidata.org/entity/Q1980100,8-bit music
http://www.wikidata.org/entity/Q1989725,Nigun
http://www.wikidata.org/entity/Q1982973,New wave of new wave
http://www.wikidata.org/entity/Q1990122,Celtic punk
http://www.wikidata.org/entity/Q1987105,Grebo
http://www.wikidata.org/entity/Q1983116,New York hardcore
http://www.wikidata.org/entity/Q1991450,New York blues
http://www.wikidata.org/entity/Q1987980,Breakstep
http://www.wikidata.org/entity/Q1966622,national song
http://www.wikidata.org/entity/Q193605,lullaby
http://www.wikidata.org/entity/Q196999,Zeuhl
http://www.wikidata.org/entity/Q20016860,Huaylarsh
http://www.wikidata.org/entity/Q20021059,Future house
http://www.wikidata.org/entity/Q21003309,Milonga-candombe
http://www.wikidata.org/entity/Q21427887,French progressive rock
http://www.wikidata.org/entity/Q22908553,future bass
http://www.wikidata.org/entity/Q21662779,Neue Musik
http://www.wikidata.org/entity/Q22948243,Arabic Rock
http://www.wikidata.org/entity/Q20819985,Hasidic music
http://www.wikidata.org/entity/Q20987668,Armenian folk music
http://www.wikidata.org/entity/Q21327441,bluegrass gospel
http://www.wikidata.org/entity/Q22086714,morning song
http://www.wikidata.org/entity/Q20047305,Melbourne Bounce
http://www.wikidata.org/entity/Q22991878,chamber pop
http://www.wikidata.org/entity/Q189045,Britpop
http://www.wikidata.org/entity/Q188994,drum and bass
http://www.wikidata.org/entity/Q2342263,Space music
http://www.wikidata.org/entity/Q2365784,Fidget house
http://www.wikidata.org/entity/Q2343562,coldwave
http://www.wikidata.org/entity/Q2344472,Taqwacore
http://www.wikidata.org/entity/Q2346991,bass music
http://www.wikidata.org/entity/Q2369761,salon music
http://www.wikidata.org/entity/Q2374619,UK hardcore
http://www.wikidata.org/entity/Q2385862,Progressive psytrance
http://www.wikidata.org/entity/Q2350507,Stochastic music
http://www.wikidata.org/entity/Q186170,doom metal
http://www.wikidata.org/entity/Q185676,fado
http://www.wikidata.org/entity/Q1937548,American minstrel music
http://www.wikidata.org/entity/Q1931555,microhouse
http://www.wikidata.org/entity/Q1929352,roots rock
http://www.wikidata.org/entity/Q1931130,Funk carioca
http://www.wikidata.org/entity/Q1939197,Türkü
http://www.wikidata.org/entity/Q1938987,club house
http://www.wikidata.org/entity/Q1928583,Northern soul
http://www.wikidata.org/entity/Q1936659,Nederpop
http://www.wikidata.org/entity/Q1521688,Ghettotech
http://www.wikidata.org/entity/Q1516324,fast polka
http://www.wikidata.org/entity/Q1519864,sung poetry
http://www.wikidata.org/entity/Q1524296,Neue Volksmusik
http://www.wikidata.org/entity/Q1530455,vocal jazz
http://www.wikidata.org/entity/Q1518063,Ottoman classical music
http://www.wikidata.org/entity/Q1537056,light music
http://www.wikidata.org/entity/Q1538765,Gothabilly
http://www.wikidata.org/entity/Q1548170,musical comedy
http://www.wikidata.org/entity/Q1546995,piano sonata
http://www.wikidata.org/entity/Q1546028,Philadelphia soul
http://www.wikidata.org/entity/Q1541229,American folk music
http://www.wikidata.org/entity/Q1538805,Gothic Punk
http://www.wikidata.org/entity/Q1550501,muiñeira
http://www.wikidata.org/entity/Q2235352,carnavalskraker
http://www.wikidata.org/entity/Q2249365,Kawina
http://www.wikidata.org/entity/Q2238236,Christian hip hop
http://www.wikidata.org/entity/Q2256407,hip hop soul
http://www.wikidata.org/entity/Q2187392,alternative dance
http://www.wikidata.org/entity/Q2225757,Christian hardcore
http://www.wikidata.org/entity/Q2260696,Progressive trance
http://www.wikidata.org/entity/Q2241518,Simadan
http://www.wikidata.org/entity/Q2615500,Artcore
http://www.wikidata.org/entity/Q2626684,chillwave
http://www.wikidata.org/entity/Q2610186,Al Jeel
http://www.wikidata.org/entity/Q2612458,Rigsar
http://www.wikidata.org/entity/Q2621158,Makwaya
http://www.wikidata.org/entity/Q2624785,Russian rock
http://www.wikidata.org/entity/Q2611143,Early hardstyle
http://www.wikidata.org/entity/Q2657409,ska-core
http://www.wikidata.org/entity/Q2659045,Oriental metal
http://www.wikidata.org/entity/Q2640307,Hardstep
http://www.wikidata.org/entity/Q2625206,image song
http://www.wikidata.org/entity/Q2656325,Toeshey
http://www.wikidata.org/entity/Q2084353,electronicore
http://www.wikidata.org/entity/Q2089511,death-doom
http://www.wikidata.org/entity/Q2082572,liquid funk
http://www.wikidata.org/entity/Q2087267,Laïko
http://www.wikidata.org/entity/Q1640587,Morenada
http://www.wikidata.org/entity/Q1636684,yé-yé
http://www.wikidata.org/entity/Q1640319,experimental music
http://www.wikidata.org/entity/Q1641839,experimental rock
http://www.wikidata.org/entity/Q51560345,intuitive folk
http://www.wikidata.org/entity/Q53806314,Éntekhno
http://www.wikidata.org/entity/Q57470546,Black music
http://www.wikidata.org/entity/Q56353998,Southern metal
http://www.wikidata.org/entity/Q60587359,Orchestra
http://www.wikidata.org/entity/Q55644985,trap metal
http://www.wikidata.org/entity/Q57392588,Fox Trot
http://www.wikidata.org/entity/Q54864794,horror music
http://www.wikidata.org/entity/Q56303195,troll metal
http://www.wikidata.org/entity/Q55415524,Ultra Metal
http://www.wikidata.org/entity/Q60500291,French polka
http://www.wikidata.org/entity/Q60729751,soulful house
http://www.wikidata.org/entity/Q54329757,Latin trap
http://www.wikidata.org/entity/Q55296418,Occult rock
http://www.wikidata.org/entity/Q60463676,Dolewave
http://www.wikidata.org/entity/Q55608567,Cringe pop
http://www.wikidata.org/entity/Q52556476,jazz rock
http://www.wikidata.org/entity/Q58809444,nu-punk
http://www.wikidata.org/entity/Q59387411,Archontorebetiko
http://www.wikidata.org/entity/Q60199541,emo rock
http://www.wikidata.org/entity/Q56558180,political song
http://www.wikidata.org/entity/Q48971892,dungeon synth
http://www.wikidata.org/entity/Q56558213,political party song
http://www.wikidata.org/entity/Q55612592,Gh hiphop
http://www.wikidata.org/entity/Q56284716,various genre
http://www.wikidata.org/entity/Q60462608,Biker metal
http://www.wikidata.org/entity/Q59351462,NK-pop
http://www.wikidata.org/entity/Q2472420,estrada
http://www.wikidata.org/entity/Q2456210,true metal
http://www.wikidata.org/entity/Q2465085,ambient house
http://www.wikidata.org/entity/Q2460288,neo trance
http://www.wikidata.org/entity/Q2461933,sunshine pop
http://www.wikidata.org/entity/Q2484587,onkyokei
http://www.wikidata.org/entity/Q2447747,nhã nhạc
http://www.wikidata.org/entity/Q2464314,brega
http://www.wikidata.org/entity/Q17045843,Seminole music
http://www.wikidata.org/entity/Q17049926,Q'axilu
http://www.wikidata.org/entity/Q17051846,Dhumpa sangita
http://www.wikidata.org/entity/Q17053693,Merong
http://www.wikidata.org/entity/Q17037735,Sadra
http://www.wikidata.org/entity/Q16993565,Afro-Peruvian music
http://www.wikidata.org/entity/Q17079948,Venezuelan merengue
http://www.wikidata.org/entity/Q18126823,Kilippattu
http://www.wikidata.org/entity/Q17018487,Scottish folk music
http://www.wikidata.org/entity/Q17231698,alternative music
http://www.wikidata.org/entity/Q18074899,guitar music
http://www.wikidata.org/entity/Q16986699,Cha-cha-chá
http://www.wikidata.org/entity/Q17128277,Indoribbean Pop
http://www.wikidata.org/entity/Q17065399,Wong shadow
http://www.wikidata.org/entity/Q17078833,Merenhouse
http://www.wikidata.org/entity/Q17104891,Discant
http://www.wikidata.org/entity/Q17108017,Zimdancehall
http://www.wikidata.org/entity/Q17153632,Tallava
http://www.wikidata.org/entity/Q17004167,Haitian rock
http://www.wikidata.org/entity/Q17111414,Township music
http://www.wikidata.org/entity/Q18204859,Igbo rap
http://www.wikidata.org/entity/Q18217098,New Mexico music
http://www.wikidata.org/entity/Q18342587,tropical house
http://www.wikidata.org/entity/Q17053024,Folkhop
http://www.wikidata.org/entity/Q18205595,BMG movement
http://www.wikidata.org/entity/Q17084138,comédie en vaudevilles
http://www.wikidata.org/entity/Q2407862,Americana
http://www.wikidata.org/entity/Q2404568,freak folk
http://www.wikidata.org/entity/Q2420402,free rock
http://www.wikidata.org/entity/Q2426383,crunkcore
http://www.wikidata.org/entity/Q2406900,Twoubadou
http://www.wikidata.org/entity/Q2428625,dubstyle
http://www.wikidata.org/entity/Q2389651,children's music
http://www.wikidata.org/entity/Q2406633,Broken beat
http://www.wikidata.org/entity/Q2420447,trova
http://www.wikidata.org/entity/Q2743435,psychedelic soul
http://www.wikidata.org/entity/Q2746494,East Coast blues
http://www.wikidata.org/entity/Q2742436,porn groove
http://www.wikidata.org/entity/Q2744144,Gharnati music
http://www.wikidata.org/entity/Q2798694,Marabi
http://www.wikidata.org/entity/Q2746831,quiet storm
http://www.wikidata.org/entity/Q2797513,sainaimu
http://www.wikidata.org/entity/Q2738544,Mizrahi music
http://www.wikidata.org/entity/Q2746731,parody music
http://www.wikidata.org/entity/Q2738113,funeral doom metal
http://www.wikidata.org/entity/Q2748817,Ghetto house
http://www.wikidata.org/entity/Q3328768,music of Sri Lanka
http://www.wikidata.org/entity/Q3328764,Thai pop music
http://www.wikidata.org/entity/Q3328660,middle of the road
http://www.wikidata.org/entity/Q3328763,Gurmat Sangeet
http://www.wikidata.org/entity/Q3328732,Occitan music
http://www.wikidata.org/entity/Q3328774,Symphonic music
http://www.wikidata.org/entity/Q3328710,music of Lebanon
http://www.wikidata.org/entity/Q2307786,Huayño
http://www.wikidata.org/entity/Q2296495,garage punk
http://www.wikidata.org/entity/Q2298624,soldier's song
http://www.wikidata.org/entity/Q2302695,Tech trance
http://www.wikidata.org/entity/Q2294872,music of Mozambique
http://www.wikidata.org/entity/Q2281409,dance-rock
http://www.wikidata.org/entity/Q2881236,ballet d'action
http://www.wikidata.org/entity/Q2891921,Batuque
http://www.wikidata.org/entity/Q2891357,Zemirot
http://www.wikidata.org/entity/Q2913982,trap music
http://www.wikidata.org/entity/Q2907328,African blues
http://www.wikidata.org/entity/Q2879826,Baila
http://www.wikidata.org/entity/Q2866725,Balearic beat
http://www.wikidata.org/entity/Q2893435,Mawwal
http://www.wikidata.org/entity/Q2884829,Early Baroque music
http://www.wikidata.org/entity/Q2894547,Keening
http://www.wikidata.org/entity/Q2897103,Andalusi nubah
http://www.wikidata.org/entity/Q2909943,novelty piano
http://www.wikidata.org/entity/Q2907334,French blues
http://www.wikidata.org/entity/Q65937859,Garage
http://www.wikidata.org/entity/Q65937788,Club
http://www.wikidata.org/entity/Q65937774,Breaks
http://www.wikidata.org/entity/Q65937972,Motown
http://www.wikidata.org/entity/Q65937906,Leftfield
http://www.wikidata.org/entity/Q65937876,Glam
http://www.wikidata.org/entity/Q62019146,rap music
http://www.wikidata.org/entity/Q63122412,Unaizah Samri
http://www.wikidata.org/entity/Q64364459,Bavarian Polka
http://www.wikidata.org/entity/Q61941509,forme complexe
http://www.wikidata.org/entity/Q65937927,Line dance
http://www.wikidata.org/entity/Q61340552,stage and screen
http://www.wikidata.org/entity/Q63229806,Cowboy pop
http://www.wikidata.org/entity/Q64151977,Concert polka
http://www.wikidata.org/entity/Q65204373,Lazer
http://www.wikidata.org/entity/Q65937829,Electropunk
http://www.wikidata.org/entity/Q61891621,vals
http://www.wikidata.org/entity/Q72180030,requiem
http://www.wikidata.org/entity/Q63677065,Newsierock
http://www.wikidata.org/entity/Q63759234,Kuyis
http://www.wikidata.org/entity/Q64055364,Ethnic pop
http://www.wikidata.org/entity/Q70275981,Celempungan
http://www.wikidata.org/entity/Q65943711,Orchestral
http://www.wikidata.org/entity/Q63139551,meloblack metal
http://www.wikidata.org/entity/Q65031097,Gengeton
http://www.wikidata.org/entity/Q65031151,Kenyan Music
http://www.wikidata.org/entity/Q65089257,Punk rap
http://www.wikidata.org/entity/Q65281021,Classical crossover
http://www.wikidata.org/entity/Q65177809,Tsyganskiy romance
http://www.wikidata.org/entity/Q65936357,Acoustic blues
http://www.wikidata.org/entity/Q65936391,Acoustic rock
http://www.wikidata.org/entity/Q65936979,Alternative punk
http://www.wikidata.org/entity/Q65937755,Avant-garde pop
http://www.wikidata.org/entity/Q65937817,Crossover prog
http://www.wikidata.org/entity/Q65937845,Funk soul
http://www.wikidata.org/entity/Q65937893,Instrumental jazz
http://www.wikidata.org/entity/Q65937937,Modern blues
http://www.wikidata.org/entity/Q65937946,Modern classical
http://www.wikidata.org/entity/Q65937954,Modern country
http://www.wikidata.org/entity/Q65943390,Neo-rockabilly
http://www.wikidata.org/entity/Q65943557,Old school death metal
http://www.wikidata.org/entity/Q65943729,P-funk
http://www.wikidata.org/entity/Q65943744,Post-classical
http://www.wikidata.org/entity/Q65943778,Traditional country
http://www.wikidata.org/entity/Q65937017,atmospheric black metal
http://www.wikidata.org/entity/Q65943851,UK drill
http://www.wikidata.org/entity/Q66686936,electro-orchestral music
http://www.wikidata.org/entity/Q61065236,Market Alley Music
http://www.wikidata.org/entity/Q3573134,Yuka
http://www.wikidata.org/entity/Q3538739,tribe
http://www.wikidata.org/entity/Q3510161,Memphis soul
http://www.wikidata.org/entity/Q3613770,ambient dub
http://www.wikidata.org/entity/Q3641200,blues metal
http://www.wikidata.org/entity/Q3531526,Tondero
http://www.wikidata.org/entity/Q3535998,Indian pop
http://www.wikidata.org/entity/Q3559240,Neo Kyma
http://www.wikidata.org/entity/Q3630966,avant-prog
http://www.wikidata.org/entity/Q3541635,Tsugaru-jamisen
http://www.wikidata.org/entity/Q3587612,electroacoustic improvisation
http://www.wikidata.org/entity/Q3644819,cello rock
http://www.wikidata.org/entity/Q3528222,Tientos
http://www.wikidata.org/entity/Q3575673,Zoblazo
http://www.wikidata.org/entity/Q3622181,Tonadilla
http://www.wikidata.org/entity/Q3631657,aṣíkò
http://www.wikidata.org/entity/Q3517436,Tembang Sunda
http://www.wikidata.org/entity/Q3591962,Ethio-jazz
http://www.wikidata.org/entity/Q1617418,Garrotín
http://www.wikidata.org/entity/Q1634085,tecno brega
http://www.wikidata.org/entity/Q1621467,symphonic black metal
http://www.wikidata.org/entity/Q1622261,Latin metal
http://www.wikidata.org/entity/Q1632601,nuevo tango
http://www.wikidata.org/entity/Q1620079,hipster hop
http://www.wikidata.org/entity/Q1619932,Hiplife
http://www.wikidata.org/entity/Q1615483,soul jazz
http://www.wikidata.org/entity/Q2509521,Peruvian waltz
http://www.wikidata.org/entity/Q2517263,Midwest hip hop
http://www.wikidata.org/entity/Q2519962,Youth crew
http://www.wikidata.org/entity/Q2526653,Mainstream rock
http://www.wikidata.org/entity/Q2521238,Electro dance
http://www.wikidata.org/entity/Q2529400,urban contemporary
http://www.wikidata.org/entity/Q2516031,Sawt
http://www.wikidata.org/entity/Q2510800,Adult hits
http://www.wikidata.org/entity/Q2521569,Soul blues
http://www.wikidata.org/entity/Q2525544,Celtic metal
http://www.wikidata.org/entity/Q2812726,Banda
http://www.wikidata.org/entity/Q2849807,angura kei
http://www.wikidata.org/entity/Q2842043,ambient jungle
http://www.wikidata.org/entity/Q2864671,art lyrique
http://www.wikidata.org/entity/Q2003283,Organ repertoire
http://www.wikidata.org/entity/Q1995569,thrashcore
http://www.wikidata.org/entity/Q2028627,Orchestral song
http://www.wikidata.org/entity/Q2000173,Gnawa music
http://www.wikidata.org/entity/Q2004156,industrial hip hop
http://www.wikidata.org/entity/Q2022163,Southern Gospel
http://www.wikidata.org/entity/Q2035976,Nintendocore
http://www.wikidata.org/entity/Q2001062,Northern soul
http://www.wikidata.org/entity/Q1995980,new rave
http://www.wikidata.org/entity/Q2002705,Nouvelle Chanson
http://www.wikidata.org/entity/Q3963051,smooth soul
http://www.wikidata.org/entity/Q3908370,pop metal
http://www.wikidata.org/entity/Q3931695,gospel reggae
http://www.wikidata.org/entity/Q3990466,Third wave of ska
http://www.wikidata.org/entity/Q3930216,rapcore
http://www.wikidata.org/entity/Q4045303,New school hip hop
http://www.wikidata.org/entity/Q3963047,smooth reggae
http://www.wikidata.org/entity/Q4043097,live looping
http://www.wikidata.org/entity/Q3897519,pastorella
http://www.wikidata.org/entity/Q4006363,Urban Pasifika
http://www.wikidata.org/entity/Q4020968,World fusion music
http://www.wikidata.org/entity/Q4019067,West Coast rock
http://www.wikidata.org/entity/Q3655716,Carnival song
http://www.wikidata.org/entity/Q3709211,dirty rap
http://www.wikidata.org/entity/Q3783347,hardcore ragga
http://www.wikidata.org/entity/Q3785732,Russian hip hop
http://www.wikidata.org/entity/Q3797148,In Nomine
http://www.wikidata.org/entity/Q3716711,Dutch house
http://www.wikidata.org/entity/Q3724735,emo pop
http://www.wikidata.org/entity/Q3783318,hard and heavy
http://www.wikidata.org/entity/Q3699386,Cumbia rap
http://www.wikidata.org/entity/Q3726825,epic metal
http://www.wikidata.org/entity/Q3752342,frat rock
http://www.wikidata.org/entity/Q3658336,New Orleans rhythm and blues
http://www.wikidata.org/entity/Q3736049,experimental dub
http://www.wikidata.org/entity/Q3827483,Latin hip hop
http://www.wikidata.org/entity/Q3813661,Catalan rock
http://www.wikidata.org/entity/Q3683985,combat folk
http://www.wikidata.org/entity/Q2339999,Siguiriyas
http://www.wikidata.org/entity/Q2340395,indigenous Australian music
http://www.wikidata.org/entity/Q2338544,Cante jondo
http://www.wikidata.org/entity/Q2324411,geek rock
http://www.wikidata.org/entity/Q2336819,operatic pop
http://www.wikidata.org/entity/Q2332751,avant-garde music
http://www.wikidata.org/entity/Q2337447,Meditation music
http://www.wikidata.org/entity/Q3191747,Kadans
http://www.wikidata.org/entity/Q3135807,Hip hop Tuga
http://www.wikidata.org/entity/Q3106448,Zamba
http://www.wikidata.org/entity/Q3117305,Group Sounds
http://www.wikidata.org/entity/Q3116754,Grindie
http://www.wikidata.org/entity/Q3140141,honky tonk
http://www.wikidata.org/entity/Q3108920,Glitch Hop
http://www.wikidata.org/entity/Q3111428,gospel blues
http://www.wikidata.org/entity/Q3135790,Algerian hip hop
http://www.wikidata.org/entity/Q3163340,Afro-Cuban jazz
http://www.wikidata.org/entity/Q3109918,Gosos
http://www.wikidata.org/entity/Q3179786,Sambass
http://www.wikidata.org/entity/Q3191713,Kacapi suling
http://www.wikidata.org/entity/Q3121396,Basque Radical Rock
http://www.wikidata.org/entity/Q3135794,Quebec hip-hop
http://www.wikidata.org/entity/Q2047814,Palingsound
http://www.wikidata.org/entity/Q2064394,worldbeat
http://www.wikidata.org/entity/Q2043175,hyphy
http://www.wikidata.org/entity/Q2064873,math metal
http://www.wikidata.org/entity/Q2038317,New prog
http://www.wikidata.org/entity/Q2045695,shock rock
http://www.wikidata.org/entity/Q2074989,Jabbawockeez
http://www.wikidata.org/entity/Q2076779,Bubblegum dance
http://www.wikidata.org/entity/Q2532274,Volkstümliche Musik
http://www.wikidata.org/entity/Q2532560,djent
http://www.wikidata.org/entity/Q2537800,Bozlak
http://www.wikidata.org/entity/Q2549052,ethnic electronica
http://www.wikidata.org/entity/Q2545135,noise pop
http://www.wikidata.org/entity/Q2537356,Bay Area thrash metal
http://www.wikidata.org/entity/Q2551540,punk blues
http://www.wikidata.org/entity/Q85775929,Latin R&B
http://www.wikidata.org/entity/Q89099707,Özgün müzik
http://www.wikidata.org/entity/Q89422969,euro house
http://www.wikidata.org/entity/Q89423187,alternative folk
http://www.wikidata.org/entity/Q89423423,skacore
http://www.wikidata.org/entity/Q89423553,melodic trance
http://www.wikidata.org/entity/Q89423567,future jazz
http://www.wikidata.org/entity/Q89423570,latin
http://www.wikidata.org/entity/Q89423571,contra
http://www.wikidata.org/entity/Q89423569,melodic rock
http://www.wikidata.org/entity/Q89423572,classic blues
http://www.wikidata.org/entity/Q90318162,Bedroom Pop
http://www.wikidata.org/entity/Q90414790,death jazz
http://www.wikidata.org/entity/Q90568328,Phonk
http://www.wikidata.org/entity/Q90404841,pornofolk
http://www.wikidata.org/entity/Q90865542,white contemporary
http://www.wikidata.org/entity/Q90866141,Caribbean Dance Music
http://www.wikidata.org/entity/Q90916278,post-trap
http://www.wikidata.org/entity/Q91611922,Israeli funk
http://www.wikidata.org/entity/Q89363113,singer-songwriter
http://www.wikidata.org/entity/Q89423564,emocore
http://www.wikidata.org/entity/Q88340836,Russian music
http://www.wikidata.org/entity/Q89423549,rhythmic noise
http://www.wikidata.org/entity/Q72862526,Tarjo
http://www.wikidata.org/entity/Q81089861,Afrobeats
http://www.wikidata.org/entity/Q89423271,noisecore
http://www.wikidata.org/entity/Q79784514,progressive electronic
http://www.wikidata.org/entity/Q79891737,Carpathian Plainchant
http://www.wikidata.org/entity/Q72266245,Occitan traditional music
http://www.wikidata.org/entity/Q80480981,Nightstep
http://www.wikidata.org/entity/Q80724407,Trumpwave
http://www.wikidata.org/entity/Q80724932,Vaportrap
http://www.wikidata.org/entity/Q80725067,Mallsoft
http://www.wikidata.org/entity/Q80725127,Future funk
http://www.wikidata.org/entity/Q3388814,Pinoy rock
http://www.wikidata.org/entity/Q3408028,proto-prog
http://www.wikidata.org/entity/Q3333303,Méringue
http://www.wikidata.org/entity/Q3360459,Pagode
http://www.wikidata.org/entity/Q3397325,Music of Mexico
http://www.wikidata.org/entity/Q3337361,Nayda
http://www.wikidata.org/entity/Q3347279,Nòva cançon
http://www.wikidata.org/entity/Q3389124,Pirate Metal
http://www.wikidata.org/entity/Q3397882,Progressive pop
http://www.wikidata.org/entity/Q3328778,Tropical music
http://www.wikidata.org/entity/Q3346909,Bhatiali
http://www.wikidata.org/entity/Q3349878,Ohangla dance
http://www.wikidata.org/entity/Q3392209,Tonada
http://www.wikidata.org/entity/Q3408409,Čalgija
http://www.wikidata.org/entity/Q3334664,Naattupurapaattu
http://www.wikidata.org/entity/Q3410876,Punta rock
http://www.wikidata.org/entity/Q2961759,Moroccan chaabi
http://www.wikidata.org/entity/Q2963621,chillstep
http://www.wikidata.org/entity/Q2976236,Classic rag
http://www.wikidata.org/entity/Q2917227,Israeli rock
http://www.wikidata.org/entity/Q2988851,Finnish rock
http://www.wikidata.org/entity/Q2932658,Cadence-lypso
http://www.wikidata.org/entity/Q2961766,Algerian chaabi
http://www.wikidata.org/entity/Q2961763,chaabi
http://www.wikidata.org/entity/Q2982341,Coladeira
http://www.wikidata.org/entity/Q2956468,Chaoui music
http://www.wikidata.org/entity/Q39760174,Rera
http://www.wikidata.org/entity/Q40501317,Polca canaria
http://www.wikidata.org/entity/Q42681198,propaganda music
http://www.wikidata.org/entity/Q48359853,cante chico
http://www.wikidata.org/entity/Q48855105,Iê-iê-iê
http://www.wikidata.org/entity/Q42681239,propaganda song
http://www.wikidata.org/entity/Q47781397,trap music
http://www.wikidata.org/entity/Q48696022,nanas
http://www.wikidata.org/entity/Q47269036,beguine
http://www.wikidata.org/entity/Q48727903,secular hymn
http://www.wikidata.org/entity/Q47005557,Breton rock
http://www.wikidata.org/entity/Q42377959,emo rap
http://www.wikidata.org/entity/Q40488741,Mazurca ranchera
http://www.wikidata.org/entity/Q47074428,SoundCloud rap
http://www.wikidata.org/entity/Q39052604,nu metalcore
http://www.wikidata.org/entity/Q48834745,orchestral pop
http://www.wikidata.org/entity/Q3840596,dark wave
http://www.wikidata.org/entity/Q3879179,Nu gaze
http://www.wikidata.org/entity/Q3889661,marchinha
http://www.wikidata.org/entity/Q3868787,muziki wa dansi
http://www.wikidata.org/entity/Q3876770,Nightcore
http://www.wikidata.org/entity/Q3879286,Nueva Canción Chilena
http://www.wikidata.org/entity/Q3843655,cuplé
http://www.wikidata.org/entity/Q4056436,Bard
http://www.wikidata.org/entity/Q4078107,bard-rock
http://www.wikidata.org/entity/Q4088026,Blatnaya Pesnya
http://www.wikidata.org/entity/Q4179738,Cruel romance
http://www.wikidata.org/entity/Q4155078,dark electro
http://www.wikidata.org/entity/Q4215151,samba-canção
http://www.wikidata.org/entity/Q4045538,nu-disco
http://www.wikidata.org/entity/Q4396829,Rock and alternative music in Iran
http://www.wikidata.org/entity/Q4400125,runo song
http://www.wikidata.org/entity/Q4049849,spacesynth
http://www.wikidata.org/entity/Q4145841,mixture rock
http://www.wikidata.org/entity/Q4118941,Mezwad
http://www.wikidata.org/entity/Q3274667,campursari
http://www.wikidata.org/entity/Q3207645,Noise hop
http://www.wikidata.org/entity/Q3293102,Marimbalax
http://www.wikidata.org/entity/Q3305039,Malhun
http://www.wikidata.org/entity/Q3278092,Guarania
http://www.wikidata.org/entity/Q3231749,post-Britpop
http://www.wikidata.org/entity/Q3296134,Wizard rock
http://www.wikidata.org/entity/Q3192617,Kaneka
http://www.wikidata.org/entity/Q2998920,country soul
http://www.wikidata.org/entity/Q3008122,cyber metal
http://www.wikidata.org/entity/Q3032212,Diva house
http://www.wikidata.org/entity/Q3048168,Mákina
http://www.wikidata.org/entity/Q2997058,melodic black metal
http://www.wikidata.org/entity/Q3008180,Cybergrind
http://www.wikidata.org/entity/Q3056538,Latin house
http://www.wikidata.org/entity/Q3025242,pimba
http://www.wikidata.org/entity/Q2991840,snap music
http://www.wikidata.org/entity/Q3053954,new flamenco
http://www.wikidata.org/entity/Q2994332,rock en español
http://www.wikidata.org/entity/Q5759478,Caña
http://www.wikidata.org/entity/Q5985066,Icaro
http://www.wikidata.org/entity/Q5747258,canción melódica
http://www.wikidata.org/entity/Q5724040,heavy hardcore
http://www.wikidata.org/entity/Q6003760,Imene metua
http://www.wikidata.org/entity/Q5768028,Hip hop in the Dominican Republic
http://www.wikidata.org/entity/Q5895294,Hong Kong hip hop
http://www.wikidata.org/entity/Q5814219,Dream metal
http://www.wikidata.org/entity/Q6022257,Indian folk music
http://www.wikidata.org/entity/Q5729641,Blackcore
http://www.wikidata.org/entity/Q5762403,Hill country blues
http://www.wikidata.org/entity/Q5956747,hymn concertato
http://www.wikidata.org/entity/Q5967604,urban contemporary gospel
http://www.wikidata.org/entity/Q5753407,Carranga (music genre)
http://www.wikidata.org/entity/Q5876772,Hofii
http://www.wikidata.org/entity/Q5765288,Himene tarava
http://www.wikidata.org/entity/Q5881246,Holler Blues
http://www.wikidata.org/entity/Q5955539,Payada
http://www.wikidata.org/entity/Q5884805,Holubka
http://www.wikidata.org/entity/Q5769376,Hiranaam
http://www.wikidata.org/entity/Q5886831,Guabina
http://www.wikidata.org/entity/Q6003762,Imene tuki
http://www.wikidata.org/entity/Q5969884,tape music
http://www.wikidata.org/entity/Q5834708,epic doom metal
http://www.wikidata.org/entity/Q5747907,Canto popular uruguayo
http://www.wikidata.org/entity/Q4490718,melodic metalcore
http://www.wikidata.org/entity/Q4490991,progressive country
http://www.wikidata.org/entity/Q4668383,Aboriginal rock
http://www.wikidata.org/entity/Q4637208,4-beat
http://www.wikidata.org/entity/Q4699758,Ajisari
http://www.wikidata.org/entity/Q4666464,Abecedarian hymn
http://www.wikidata.org/entity/Q4841596,Baggy
http://www.wikidata.org/entity/Q4631020,21st-century classical music
http://www.wikidata.org/entity/Q4690039,African reggae
http://www.wikidata.org/entity/Q4789437,Argentine cumbia
http://www.wikidata.org/entity/Q4528554,Schedrovka
http://www.wikidata.org/entity/Q4670712,Abwe
http://www.wikidata.org/entity/Q4736555,Alternative reggaeton
http://www.wikidata.org/entity/Q4832826,Azonto
http://www.wikidata.org/entity/Q4428744,son cubano
http://www.wikidata.org/entity/Q4499034,Chabad niggunim
http://www.wikidata.org/entity/Q4672733,accordion music
http://www.wikidata.org/entity/Q4694554,aguinaldo
http://www.wikidata.org/entity/Q2687544,power electronics
http://www.wikidata.org/entity/Q2668052,Dutch-language music
http://www.wikidata.org/entity/Q2697917,go-go
http://www.wikidata.org/entity/Q2662148,Celtic rock
http://www.wikidata.org/entity/Q2702280,Italo house
http://www.wikidata.org/entity/Q2707298,secular music
http://www.wikidata.org/entity/Q2706919,country rap
http://www.wikidata.org/entity/Q2693142,techno body music
http://www.wikidata.org/entity/Q4851628,ballet
http://www.wikidata.org/entity/Q4940448,Bomba
http://www.wikidata.org/entity/Q4942839,Boogie
http://www.wikidata.org/entity/Q4851096,Balkan jazz
http://www.wikidata.org/entity/Q4854619,Bandish
http://www.wikidata.org/entity/Q4857249,Bantowbol
http://www.wikidata.org/entity/Q4875789,Beach music
http://www.wikidata.org/entity/Q4939163,Bolel
http://www.wikidata.org/entity/Q4852979,Baltimore club
http://www.wikidata.org/entity/Q4863051,Baroque music of the British Isles
http://www.wikidata.org/entity/Q4846346,bassline
http://www.wikidata.org/entity/Q4848674,Baisha xiyue
http://www.wikidata.org/entity/Q4848738,Baithak Gana
http://www.wikidata.org/entity/Q4854353,Bandana thrash
http://www.wikidata.org/entity/Q4873394,Batá-rumba
http://www.wikidata.org/entity/Q4937089,Boedra
http://www.wikidata.org/entity/Q4945025,Borgeet
http://www.wikidata.org/entity/Q4949812,bounce music
http://www.wikidata.org/entity/Q4905606,Big Drum
http://www.wikidata.org/entity/Q4897056,Beste
http://www.wikidata.org/entity/Q4936212,Bocet
http://www.wikidata.org/entity/Q4891362,Bereznianka
http://www.wikidata.org/entity/Q3419744,Rara
http://www.wikidata.org/entity/Q3437850,Rock music in Ireland
http://www.wikidata.org/entity/Q3437832,Spanish rock
http://www.wikidata.org/entity/Q3437876,Slovenian rock
http://www.wikidata.org/entity/Q3419350,Nigerien hip hop
http://www.wikidata.org/entity/Q3437823,Chilean rock
http://www.wikidata.org/entity/Q3437841,French rock
http://www.wikidata.org/entity/Q3453150,Congolese rumba
http://www.wikidata.org/entity/Q3477737,Seggae
http://www.wikidata.org/entity/Q3422697,Red Dirt
http://www.wikidata.org/entity/Q3482281,Swedish ballad tradition
http://www.wikidata.org/entity/Q3437846,Hungarian rock
http://www.wikidata.org/entity/Q3487358,death industrial
http://www.wikidata.org/entity/Q3415943,Rabiz
http://www.wikidata.org/entity/Q3446440,rub-a-dub
http://www.wikidata.org/entity/Q3476584,Chicago hardcore
http://www.wikidata.org/entity/Q3470607,Sama'i
http://www.wikidata.org/entity/Q3486097,Ska-rock
http://www.wikidata.org/entity/Q2568406,Postmodern music
http://www.wikidata.org/entity/Q2599472,blackened death metal
http://www.wikidata.org/entity/Q2572585,pop rap
http://www.wikidata.org/entity/Q2566660,British rock
http://www.wikidata.org/entity/Q2598050,Xi'an guyue
http://www.wikidata.org/entity/Q2608506,space disco
http://www.wikidata.org/entity/Q2603965,Piano blues
http://www.wikidata.org/entity/Q2607836,freakbeat
http://www.wikidata.org/entity/Q4965901,Brick City club
http://www.wikidata.org/entity/Q4975996,Brown-eyed soul
http://www.wikidata.org/entity/Q5033725,Cantes a palo seco
http://www.wikidata.org/entity/Q5072880,Chap hop
http://www.wikidata.org/entity/Q5073926,Charanga-vallenata
http://www.wikidata.org/entity/Q5119040,Chầu văn
http://www.wikidata.org/entity/Q5015165,Ca din tulnic
http://www.wikidata.org/entity/Q5039688,Cariso
http://www.wikidata.org/entity/Q5063233,Ceol Meadhonach
http://www.wikidata.org/entity/Q5118358,Chut-kai-pang
http://www.wikidata.org/entity/Q5116137,Chumak
http://www.wikidata.org/entity/Q4972949,Broder singer
http://www.wikidata.org/entity/Q5047036,Cartageneras
http://www.wikidata.org/entity/Q5072584,Chanson pour boire
http://www.wikidata.org/entity/Q5104948,Chorale concerto
http://www.wikidata.org/entity/Q5105648,Chrieng Brunh
http://www.wikidata.org/entity/Q5113733,Chromatic fantasia
http://www.wikidata.org/entity/Q5116146,Chumba
http://www.wikidata.org/entity/Q5150913,Combined rhythm
http://www.wikidata.org/entity/Q5068130,Chaiti
http://www.wikidata.org/entity/Q4958465,Bravura
http://www.wikidata.org/entity/Q4950495,Bouyon soca
http://www.wikidata.org/entity/Q4993553,ambient trance
http://www.wikidata.org/entity/Q5054727,Cavacha
http://www.wikidata.org/entity/Q5110317,Christian country music
http://www.wikidata.org/entity/Q5151495,comedy music
http://www.wikidata.org/entity/Q5110298,Christian alternative rock
http://www.wikidata.org/entity/Q5141514,Coimbra Fado
http://www.wikidata.org/entity/Q5149108,Colossal Baroque
http://www.wikidata.org/entity/Q5030714,Canadian blues
http://www.wikidata.org/entity/Q5054785,Cavalier song
http://www.wikidata.org/entity/Q5069474,Chamarrita
http://www.wikidata.org/entity/Q5001430,bush ballad
http://www.wikidata.org/entity/Q5099460,Chimurenga music
http://www.wikidata.org/entity/Q5118383,Chutney soca
http://www.wikidata.org/entity/Q5070237,Chamrieng Samai
http://www.wikidata.org/entity/Q5071702,Raptor house
http://www.wikidata.org/entity/Q5100799,Chinese hip hop
http://www.wikidata.org/entity/Q3322619,Guaguancó
http://www.wikidata.org/entity/Q3321920,Flamenco rumba
http://www.wikidata.org/entity/Q3310676,Boeremusiek
http://www.wikidata.org/entity/Q3328590,French Baroque music
http://www.wikidata.org/entity/Q3307225,progressive bluegrass
http://www.wikidata.org/entity/Q3328599,basque music
http://www.wikidata.org/entity/Q3328583,music of Algeria
http://www.wikidata.org/entity/Q6942132,music of Jilin
http://www.wikidata.org/entity/Q6942329,Music of West Africa
http://www.wikidata.org/entity/Q7077860,Odissi music
http://www.wikidata.org/entity/Q7100263,Orchestral jazz
http://www.wikidata.org/entity/Q6942176,Music of Melanesia
http://www.wikidata.org/entity/Q6942346,Music of the Andaman and Nicobar Islands
http://www.wikidata.org/entity/Q7005181,New Acoustic Music
http://www.wikidata.org/entity/Q7042505,Njuup
http://www.wikidata.org/entity/Q6942106,Music of Guizhou
http://www.wikidata.org/entity/Q6942123,Music of Innsbruck
http://www.wikidata.org/entity/Q6942129,Music of Jharkhand
http://www.wikidata.org/entity/Q6942162,Music of Macedonia
http://www.wikidata.org/entity/Q6942260,Music of San Marino
http://www.wikidata.org/entity/Q6966089,Narodna muzika
http://www.wikidata.org/entity/Q6979961,Native American hip hop
http://www.wikidata.org/entity/Q6942103,Music of Guangxi
http://www.wikidata.org/entity/Q6942144,Music of Krasnoyarsk Krai
http://www.wikidata.org/entity/Q6942152,Music of Limousin
http://www.wikidata.org/entity/Q6942213,Music of Navarre and La Rioja
http://www.wikidata.org/entity/Q6942300,Music of Transylvania
http://www.wikidata.org/entity/Q7042753,No-Fi
http://www.wikidata.org/entity/Q7088779,Oltului
http://www.wikidata.org/entity/Q7118426,alternative R&B
http://www.wikidata.org/entity/Q6956569,Naamyam
http://www.wikidata.org/entity/Q7060273,Northwest Wind
http://www.wikidata.org/entity/Q7067688,Nu-funk
http://www.wikidata.org/entity/Q6942117,Music of Hubei
http://www.wikidata.org/entity/Q6942355,Music of the Cayman Islands
http://www.wikidata.org/entity/Q6950428,Música criolla
http://www.wikidata.org/entity/Q7010517,New Pop
http://www.wikidata.org/entity/Q7023407,Nhạc tài tử
http://www.wikidata.org/entity/Q7070611,Nuubaat
http://www.wikidata.org/entity/Q6942115,Music of Henan
http://www.wikidata.org/entity/Q6942113,Music of Hebei
http://www.wikidata.org/entity/Q6942131,Music of Jiangxi
http://www.wikidata.org/entity/Q6942133,Music of Kalmykia
http://www.wikidata.org/entity/Q7015151,New Yorkshire
http://www.wikidata.org/entity/Q7050752,Nordic folk music
http://www.wikidata.org/entity/Q3069904,porro
http://www.wikidata.org/entity/Q3090876,funaná
http://www.wikidata.org/entity/Q3083000,kan ha diskan
http://www.wikidata.org/entity/Q3085344,music of Peru
http://www.wikidata.org/entity/Q3089524,huapango
http://www.wikidata.org/entity/Q3091180,Shashmaqam
http://www.wikidata.org/entity/Q3094259,Scottish Gaelic punk
http://www.wikidata.org/entity/Q3066180,Bouncy techno
http://www.wikidata.org/entity/Q3084222,Hardtechno
http://www.wikidata.org/entity/Q3098078,J-Core
http://www.wikidata.org/entity/Q7148059,patriotic song
http://www.wikidata.org/entity/Q7198347,Inuit music
http://www.wikidata.org/entity/Q7180954,phase music
http://www.wikidata.org/entity/Q7205507,Plunderphonics
http://www.wikidata.org/entity/Q7132500,Papare
http://www.wikidata.org/entity/Q7170257,Iranian pop music
http://www.wikidata.org/entity/Q7190617,Pichakaree
http://www.wikidata.org/entity/Q7210075,Polish rock
http://www.wikidata.org/entity/Q7122786,Pacific reggae
http://www.wikidata.org/entity/Q7139128,parlour music
http://www.wikidata.org/entity/Q7142141,pasillo
http://www.wikidata.org/entity/Q7171184,Peruvian cumbia
http://www.wikidata.org/entity/Q7179597,Peyote song
http://www.wikidata.org/entity/Q5393053,Filin
http://www.wikidata.org/entity/Q5421158,experimental hip hop
http://www.wikidata.org/entity/Q5449125,Filmi pop
http://www.wikidata.org/entity/Q5185778,Mexicana
http://www.wikidata.org/entity/Q5264196,Desi Hip Hop
http://www.wikidata.org/entity/Q5332963,Eclecticism in music
http://www.wikidata.org/entity/Q5437134,Fasıl
http://www.wikidata.org/entity/Q5464445,folk baroque
http://www.wikidata.org/entity/Q5442427,Fell
http://www.wikidata.org/entity/Q5158522,Concert march
http://www.wikidata.org/entity/Q5433431,Famo
http://www.wikidata.org/entity/Q5158538,Concerted madrigal
http://www.wikidata.org/entity/Q5208151,Daechwita
http://www.wikidata.org/entity/Q5276393,Dihanaam
http://www.wikidata.org/entity/Q5398894,V-pop
http://www.wikidata.org/entity/Q5464464,Folk jazz
http://www.wikidata.org/entity/Q5177472,Country and Irish
http://www.wikidata.org/entity/Q5397405,Tamunangue
http://www.wikidata.org/entity/Q5445668,Festejo
http://www.wikidata.org/entity/Q5418947,Ewe music
http://www.wikidata.org/entity/Q5347034,Eefing
http://www.wikidata.org/entity/Q5401205,Zamba alegre
http://www.wikidata.org/entity/Q5464476,Folk rhythm
http://www.wikidata.org/entity/Q5151790,comic song
http://www.wikidata.org/entity/Q5244903,De dragoste
http://www.wikidata.org/entity/Q5449126,Filmi qawwali
http://www.wikidata.org/entity/Q5215959,dangak
http://www.wikidata.org/entity/Q5369664,hyangak
http://www.wikidata.org/entity/Q7225887,Polo
http://www.wikidata.org/entity/Q7308175,Reggae rock
http://www.wikidata.org/entity/Q7310665,Rekuhkara
http://www.wikidata.org/entity/Q7446911,Seis
http://www.wikidata.org/entity/Q7272044,Quimbe
http://www.wikidata.org/entity/Q7321654,Rhyming spiritual
http://www.wikidata.org/entity/Q7362666,Romanian rock
http://www.wikidata.org/entity/Q7295057,Rasin
http://www.wikidata.org/entity/Q7248857,progressive music
http://www.wikidata.org/entity/Q7260406,Punk in Sweden
http://www.wikidata.org/entity/Q7306376,reductionism
http://www.wikidata.org/entity/Q7334835,Ringbang
http://www.wikidata.org/entity/Q7361460,Rom kbach
http://www.wikidata.org/entity/Q7405759,Salsa dura
http://www.wikidata.org/entity/Q7282874,ragga Pop
http://www.wikidata.org/entity/Q7339037,Riyaz
http://www.wikidata.org/entity/Q7410295,Samri
http://www.wikidata.org/entity/Q7253290,Pryvit
http://www.wikidata.org/entity/Q7402829,Sakara music
http://www.wikidata.org/entity/Q7245792,Prison rock
http://www.wikidata.org/entity/Q7397641,sadcore
http://www.wikidata.org/entity/Q7424751,Sarva
http://www.wikidata.org/entity/Q7258480,Pueblo music
http://www.wikidata.org/entity/Q7397088,Sacred Harp
http://www.wikidata.org/entity/Q7309098,Regional Mexican
http://www.wikidata.org/entity/Q7247338,processional hymn
http://www.wikidata.org/entity/Q7302395,recessional hymn
http://www.wikidata.org/entity/Q7489094,Shanto
http://www.wikidata.org/entity/Q7560612,Son calentano
http://www.wikidata.org/entity/Q7542391,Slutwave
http://www.wikidata.org/entity/Q7496127,Shidaiqu
http://www.wikidata.org/entity/Q7535166,Skiladiko
http://www.wikidata.org/entity/Q7541571,Slovak folk music
http://www.wikidata.org/entity/Q7482056,Irish traditional music
http://www.wikidata.org/entity/Q7487815,shan'ge
http://www.wikidata.org/entity/Q6367434,Kar
http://www.wikidata.org/entity/Q6111379,romance
http://www.wikidata.org/entity/Q6365528,Kanto
http://www.wikidata.org/entity/Q6024704,indigenous music
http://www.wikidata.org/entity/Q6032954,Kilam
http://www.wikidata.org/entity/Q6037387,Insertion aria
http://www.wikidata.org/entity/Q6082625,Norwegian pop music
http://www.wikidata.org/entity/Q6110311,Rock Andaluz
http://www.wikidata.org/entity/Q6117417,Saloma
http://www.wikidata.org/entity/Q6319299,Jwé
http://www.wikidata.org/entity/Q6378419,Katuli
http://www.wikidata.org/entity/Q6130346,slam death metal
http://www.wikidata.org/entity/Q6397421,Bolero son
http://www.wikidata.org/entity/Q6348907,Kajari
http://www.wikidata.org/entity/Q6188299,Jesus music
http://www.wikidata.org/entity/Q6394780,Kertok
http://www.wikidata.org/entity/Q6410606,Kindie rock
http://www.wikidata.org/entity/Q6301761,Benga music
http://www.wikidata.org/entity/Q6392890,Kenyan hip hop
http://www.wikidata.org/entity/Q6111428,Romantic flow
http://www.wikidata.org/entity/Q6138491,Tamborera
http://www.wikidata.org/entity/Q6138499,Tamborito
http://www.wikidata.org/entity/Q6168411,Jazz waltz
http://www.wikidata.org/entity/Q6073487,Iroquois music
http://www.wikidata.org/entity/Q6081528,pocky
http://www.wikidata.org/entity/Q6110333,rock noir
http://www.wikidata.org/entity/Q6202259,Jing ping
http://www.wikidata.org/entity/Q6366462,Kapanirong
http://www.wikidata.org/entity/Q6042534,Gothic Doom Metal
http://www.wikidata.org/entity/Q6132267,sonidero
http://www.wikidata.org/entity/Q2707994,Catalan rumba
http://www.wikidata.org/entity/Q2715398,Plena
http://www.wikidata.org/entity/Q2726026,Compas
http://www.wikidata.org/entity/Q2720293,Mozambique
http://www.wikidata.org/entity/Q2715283,Gypsy punk
http://www.wikidata.org/entity/Q2737175,mélodie
http://www.wikidata.org/entity/Q2710523,ragga jungle
http://www.wikidata.org/entity/Q2736181,punk jazz
http://www.wikidata.org/entity/Q6694797,Lu
http://www.wikidata.org/entity/Q6665245,Phleng Thai sakon
http://www.wikidata.org/entity/Q6701559,Luk Krung
http://www.wikidata.org/entity/Q6421060,Kliningan
http://www.wikidata.org/entity/Q6658771,Livetronica
http://www.wikidata.org/entity/Q6665252,Phleng phuea chiwit
http://www.wikidata.org/entity/Q6480726,Lam saravane
http://www.wikidata.org/entity/Q6496560,Latin ballad
http://www.wikidata.org/entity/Q6543501,Oppari
http://www.wikidata.org/entity/Q6689665,lounge rock
http://www.wikidata.org/entity/Q6440913,Ktsord
http://www.wikidata.org/entity/Q6727621,Madhyalaya
http://www.wikidata.org/entity/Q6432024,Korean rock
http://www.wikidata.org/entity/Q6444335,Kundiman
http://www.wikidata.org/entity/Q6537469,Lewoz
http://www.wikidata.org/entity/Q6450040,Kwakwaka'wakw music
http://www.wikidata.org/entity/Q6496549,Latin soul
http://www.wikidata.org/entity/Q6480724,Lam luang
http://www.wikidata.org/entity/Q6431989,Korean hip hop
http://www.wikidata.org/entity/Q6452410,Christian music
http://www.wikidata.org/entity/Q5466607,Footwork
http://www.wikidata.org/entity/Q5618068,Gumbe
http://www.wikidata.org/entity/Q5639747,Haitian hip hop
http://www.wikidata.org/entity/Q5569994,Baião
http://www.wikidata.org/entity/Q5520013,Gamelan gambang
http://www.wikidata.org/entity/Q5576709,Mirabrás
http://www.wikidata.org/entity/Q5654316,Harawi
http://www.wikidata.org/entity/Q5529053,Gazel
http://www.wikidata.org/entity/Q5477103,Foxcore
http://www.wikidata.org/entity/Q5515214,Gaana
http://www.wikidata.org/entity/Q5581134,Gombhira
http://www.wikidata.org/entity/Q5655695,Hardbag
http://www.wikidata.org/entity/Q5510816,future garage
http://www.wikidata.org/entity/Q5520018,Gamelan salendro
http://www.wikidata.org/entity/Q5487269,freak metal
http://www.wikidata.org/entity/Q5520007,Gamelan Siteran
http://www.wikidata.org/entity/Q5520021,Gamelan selunding
http://www.wikidata.org/entity/Q5662534,albazo
http://www.wikidata.org/entity/Q5494303,stoner doom
http://www.wikidata.org/entity/Q5520012,Gamelan bebonangan
http://www.wikidata.org/entity/Q5583956,Goombay
http://www.wikidata.org/entity/Q5625934,Gånglåt
http://www.wikidata.org/entity/Q5520004,Gamelan Gadhon
http://www.wikidata.org/entity/Q5690120,trance metal
http://www.wikidata.org/entity/Q6936014,Munggang
http://www.wikidata.org/entity/Q6941842,music for the Requiem Mass
http://www.wikidata.org/entity/Q6941926,Music in Ingushetia
http://www.wikidata.org/entity/Q6941939,Music in Nenets Autonomous Okrug
http://www.wikidata.org/entity/Q6748116,Mando
http://www.wikidata.org/entity/Q6749708,Manila Sound
http://www.wikidata.org/entity/Q6821898,Pakistani semi-classical music
http://www.wikidata.org/entity/Q6918602,Motswako
http://www.wikidata.org/entity/Q6941917,Music in Dagestan
http://www.wikidata.org/entity/Q6941928,Music in Khakassia
http://www.wikidata.org/entity/Q6772364,Maroon music
http://www.wikidata.org/entity/Q6864975,Mini-jazz
http://www.wikidata.org/entity/Q6868046,Minneapolis sound
http://www.wikidata.org/entity/Q6908884,Mor lam sing
http://www.wikidata.org/entity/Q6799787,Mbube
http://www.wikidata.org/entity/Q6865341,Minimal wave
http://www.wikidata.org/entity/Q6874634,Mirror fugue
http://www.wikidata.org/entity/Q6941940,Music in Rostov Oblast
http://www.wikidata.org/entity/Q6774721,Martial music
http://www.wikidata.org/entity/Q6941941,Music in Tatarstan
http://www.wikidata.org/entity/Q6941968,Music in the Udmurt Republic
http://www.wikidata.org/entity/Q6942024,Music of British Columbia
http://www.wikidata.org/entity/Q6907397,Moombahcore
http://www.wikidata.org/entity/Q6742070,Malaysian pop
http://www.wikidata.org/entity/Q6874626,Mirror canon
http://www.wikidata.org/entity/Q6941930,Music in Krasnodar Krai
http://www.wikidata.org/entity/Q6941960,Music in the Komi Republic
http://www.wikidata.org/entity/Q6941990,Music of Alberta
